pedido,prato,data,preco,lucro
0001-outubro,Lasanha Bolonhesa,21/10/2024,21.00,13.00
0002-outubro,Salmao Grelhado,22/10/2024,28.00,20.00
0003-outubro,Frango a Parmegiana,21/10/2024,17.00,10.00
0004-outubro,Frango a Parmegiana,29/10/2024,17.00,10.00
0005-outubro,Strogonoff de Carne,07/10/2024,25.00,15.00
0006-outubro,Vatapa,26/10/2024,20.00,14.00
0007-outubro,Pizza Margherita,01/10/2024,35.00,26.00
0008-outubro,Lasanha Bolonhesa,21/10/2024,21.00,13.00
0009-outubro,Lasanha Bolonhesa,14/10/2024,21.00,13.00
0010-outubro,Lasanha Bolonhesa,24/10/2024,21.00,13.00
0011-outubro,Pizza Margherita,18/10/2024,35.00,26.00
0012-outubro,Bife Acebolado,28/10/2024,28.00,18.00
0013-outubro,Vatapa,14/10/2024,20.00,14.00
0014-outubro,Pizza Margherita,11/10/2024,35.00,26.00
0015-outubro,Espaguete a Bolonhesa,06/10/2024,18.00,9.00
0016-outubro,Risoto de Camarao,29/10/2024,30.00,17.00
0017-outubro,Strogonoff de Carne,03/10/2024,25.00,15.00
0018-outubro,Salmao Grelhado,05/10/2024,28.00,20.00
0019-outubro,Lasanha Bolonhesa,14/10/2024,21.00,13.00
0020-outubro,Moqueca de Peixe,06/10/2024,18.00,11.00
0021-outubro,Moqueca de Peixe,24/10/2024,18.00,11.00
0022-outubro,Risoto de Camarao,09/10/2024,30.00,17.00
0023-outubro,Pizza Margherita,03/10/2024,35.00,26.00
0024-outubro,Lasanha Bolonhesa,30/10/2024,21.00,13.00
0025-outubro,Moqueca de Peixe,20/10/2024,18.00,11.00
0026-outubro,Strogonoff de Carne,01/10/2024,25.00,15.00
0027-outubro,Pizza Margherita,27/10/2024,35.00,26.00
0028-outubro,Vatapa,21/10/2024,20.00,14.00
0029-outubro,Moqueca de Peixe,11/10/2024,18.00,11.00
0030-outubro,Salmao Grelhado,05/10/2024,28.00,20.00
0031-outubro,Frango a Parmegiana,01/10/2024,17.00,10.00
0032-outubro,Vatapa,18/10/2024,20.00,14.00
0033-outubro,Bife Acebolado,16/10/2024,28.00,18.00
0034-outubro,Lasanha Bolonhesa,20/10/2024,21.00,13.00
0035-outubro,Strogonoff de Carne,10/10/2024,25.00,15.00
0036-outubro,Bife Acebolado,04/10/2024,28.00,18.00
0037-outubro,Moqueca de Peixe,14/10/2024,18.00,11.00
0038-outubro,Bife Acebolado,28/10/2024,28.00,18.00
0039-outubro,Vatapa,15/10/2024,20.00,14.00
0040-outubro,Lasanha Bolonhesa,10/10/2024,21.00,13.00
0041-outubro,Moqueca de Peixe,28/10/2024,18.00,11.00
0042-outubro,Salmao Grelhado,15/10/2024,28.00,20.00
0043-outubro,Espaguete a Bolonhesa,01/10/2024,18.00,9.00
0044-outubro,Bife Acebolado,12/10/2024,28.00,18.00
0045-outubro,Espaguete a Bolonhesa,14/10/2024,18.00,9.00
0046-outubro,Bife Acebolado,02/10/2024,28.00,18.00
0047-outubro,Strogonoff de Carne,03/10/2024,25.00,15.00
0048-outubro,Vatapa,01/10/2024,20.00,14.00
0049-outubro,Vatapa,13/10/2024,20.00,14.00
0050-outubro,Bife Acebolado,07/10/2024,28.00,18.00
0051-outubro,Pizza Margherita,29/10/2024,35.00,26.00
0052-outubro,Lasanha Bolonhesa,15/10/2024,21.00,13.00
0053-outubro,Vatapa,01/10/2024,20.00,14.00
0054-outubro,Vatapa,03/10/2024,20.00,14.00
0055-outubro,Espaguete a Bolonhesa,12/10/2024,18.00,9.00
0056-outubro,Pizza Margherita,29/10/2024,35.00,26.00
0057-outubro,Pizza Margherita,11/10/2024,35.00,26.00
0058-outubro,Lasanha Bolonhesa,22/10/2024,21.00,13.00
0059-outubro,Salmao Grelhado,22/10/2024,28.00,20.00
0060-outubro,Frango a Parmegiana,21/10/2024,17.00,10.00
0061-outubro,Frango a Parmegiana,05/10/2024,17.00,10.00
0062-outubro,Strogonoff de Carne,25/10/2024,25.00,15.00
0063-outubro,Moqueca de Peixe,01/10/2024,18.00,11.00
0064-outubro,Vatapa,23/10/2024,20.00,14.00
0065-outubro,Frango a Parmegiana,02/10/2024,17.00,10.00
0066-outubro,Frango a Parmegiana,07/10/2024,17.00,10.00
0067-outubro,Salmao Grelhado,10/10/2024,28.00,20.00
0068-outubro,Bife Acebolado,17/10/2024,28.00,18.00
0069-outubro,Pizza Margherita,11/10/2024,35.00,26.00
0070-outubro,Pizza Margherita,20/10/2024,35.00,26.00
0071-outubro,Espaguete a Bolonhesa,02/10/2024,18.00,9.00
0072-outubro,Bife Acebolado,01/10/2024,28.00,18.00
0073-outubro,Pizza Margherita,19/10/2024,35.00,26.00
0074-outubro,Strogonoff de Carne,25/10/2024,25.00,15.00
0075-outubro,Strogonoff de Carne,11/10/2024,25.00,15.00
0076-outubro,Bife Acebolado,31/10/2024,28.00,18.00
0077-outubro,Pizza Margherita,30/10/2024,35.00,26.00
0078-outubro,Lasanha Bolonhesa,21/10/2024,21.00,13.00
0079-outubro,Espaguete a Bolonhesa,08/10/2024,18.00,9.00
0080-outubro,Salmao Grelhado,23/10/2024,28.00,20.00
0081-outubro,Salmao Grelhado,20/10/2024,28.00,20.00
0082-outubro,Lasanha Bolonhesa,26/10/2024,21.00,13.00
0083-outubro,Lasanha Bolonhesa,20/10/2024,21.00,13.00
0084-outubro,Pizza Margherita,11/10/2024,35.00,26.00
0085-outubro,Strogonoff de Carne,13/10/2024,25.00,15.00
0086-outubro,Moqueca de Peixe,30/10/2024,18.00,11.00
0087-outubro,Vatapa,16/10/2024,20.00,14.00
0088-outubro,Bife Acebolado,29/10/2024,28.00,18.00
0089-outubro,Espaguete a Bolonhesa,14/10/2024,18.00,9.00
0090-outubro,Salmao Grelhado,05/10/2024,28.00,20.00
0091-outubro,Strogonoff de Carne,06/10/2024,25.00,15.00
0092-outubro,Moqueca de Peixe,31/10/2024,18.00,11.00
0093-outubro,Bife Acebolado,31/10/2024,28.00,18.00
0094-outubro,Frango a Parmegiana,02/10/2024,17.00,10.00
0095-outubro,Risoto de Camarao,18/10/2024,30.00,17.00
0096-outubro,Risoto de Camarao,31/10/2024,30.00,17.00
0097-outubro,Bife Acebolado,01/10/2024,28.00,18.00
0098-outubro,Strogonoff de Carne,07/10/2024,25.00,15.00
0099-outubro,Espaguete a Bolonhesa,02/10/2024,18.00,9.00
0100-outubro,Pizza Margherita,16/10/2024,35.00,26.00
0101-outubro,Strogonoff de Carne,08/10/2024,25.00,15.00
0102-outubro,Moqueca de Peixe,02/10/2024,18.00,11.00
0103-outubro,Strogonoff de Carne,29/10/2024,25.00,15.00
0104-outubro,Pizza Margherita,25/10/2024,35.00,26.00
0105-outubro,Strogonoff de Carne,26/10/2024,25.00,15.00
0106-outubro,Frango a Parmegiana,24/10/2024,17.00,10.00
0107-outubro,Strogonoff de Carne,29/10/2024,25.00,15.00
0108-outubro,Moqueca de Peixe,15/10/2024,18.00,11.00
0109-outubro,Bife Acebolado,15/10/2024,28.00,18.00
0110-outubro,Pizza Margherita,08/10/2024,35.00,26.00
0111-outubro,Frango a Parmegiana,31/10/2024,17.00,10.00
0112-outubro,Espaguete a Bolonhesa,21/10/2024,18.00,9.00
0113-outubro,Moqueca de Peixe,29/10/2024,18.00,11.00
0114-outubro,Lasanha Bolonhesa,27/10/2024,21.00,13.00
0115-outubro,Strogonoff de Carne,16/10/2024,25.00,15.00
0116-outubro,Salmao Grelhado,25/10/2024,28.00,20.00
0117-outubro,Espaguete a Bolonhesa,10/10/2024,18.00,9.00
0118-outubro,Pizza Margherita,08/10/2024,35.00,26.00
0119-outubro,Pizza Margherita,13/10/2024,35.00,26.00
0120-outubro,Moqueca de Peixe,03/10/2024,18.00,11.00
0121-outubro,Pizza Margherita,03/10/2024,35.00,26.00
0122-outubro,Strogonoff de Carne,20/10/2024,25.00,15.00
0123-outubro,Pizza Margherita,28/10/2024,35.00,26.00
0124-outubro,Espaguete a Bolonhesa,20/10/2024,18.00,9.00
0125-outubro,Moqueca de Peixe,13/10/2024,18.00,11.00
0126-outubro,Pizza Margherita,11/10/2024,35.00,26.00
0127-outubro,Lasanha Bolonhesa,16/10/2024,21.00,13.00
0128-outubro,Bife Acebolado,29/10/2024,28.00,18.00
0129-outubro,Bife Acebolado,27/10/2024,28.00,18.00
0130-outubro,Frango a Parmegiana,10/10/2024,17.00,10.00
0131-outubro,Vatapa,15/10/2024,20.00,14.00
0132-outubro,Risoto de Camarao,15/10/2024,30.00,17.00
0133-outubro,Frango a Parmegiana,18/10/2024,17.00,10.00
0134-outubro,Salmao Grelhado,16/10/2024,28.00,20.00
0135-outubro,Espaguete a Bolonhesa,26/10/2024,18.00,9.00
0136-outubro,Espaguete a Bolonhesa,10/10/2024,18.00,9.00
0137-outubro,Frango a Parmegiana,01/10/2024,17.00,10.00
0138-outubro,Frango a Parmegiana,14/10/2024,17.00,10.00
0139-outubro,Bife Acebolado,20/10/2024,28.00,18.00
0140-outubro,Pizza Margherita,19/10/2024,35.00,26.00
0141-outubro,Salmao Grelhado,27/10/2024,28.00,20.00
0142-outubro,Pizza Margherita,08/10/2024,35.00,26.00
0143-outubro,Moqueca de Peixe,03/10/2024,18.00,11.00
0144-outubro,Lasanha Bolonhesa,16/10/2024,21.00,13.00
0145-outubro,Strogonoff de Carne,01/10/2024,25.00,15.00
0146-outubro,Vatapa,18/10/2024,20.00,14.00
0147-outubro,Lasanha Bolonhesa,22/10/2024,21.00,13.00
0148-outubro,Frango a Parmegiana,16/10/2024,17.00,10.00
0149-outubro,Espaguete a Bolonhesa,05/10/2024,18.00,9.00
0150-outubro,Lasanha Bolonhesa,30/10/2024,21.00,13.00
0151-outubro,Strogonoff de Carne,25/10/2024,25.00,15.00
0152-outubro,Bife Acebolado,05/10/2024,28.00,18.00
0153-outubro,Moqueca de Peixe,11/10/2024,18.00,11.00
0154-outubro,Espaguete a Bolonhesa,07/10/2024,18.00,9.00
0155-outubro,Risoto de Camarao,19/10/2024,30.00,17.00
0156-outubro,Pizza Margherita,29/10/2024,35.00,26.00
0157-outubro,Lasanha Bolonhesa,13/10/2024,21.00,13.00
0158-outubro,Salmao Grelhado,18/10/2024,28.00,20.00
0159-outubro,Frango a Parmegiana,30/10/2024,17.00,10.00
0160-outubro,Salmao Grelhado,09/10/2024,28.00,20.00
0161-outubro,Frango a Parmegiana,04/10/2024,17.00,10.00
0162-outubro,Bife Acebolado,30/10/2024,28.00,18.00
0163-outubro,Salmao Grelhado,04/10/2024,28.00,20.00
0164-outubro,Risoto de Camarao,05/10/2024,30.00,17.00
0165-outubro,Risoto de Camarao,23/10/2024,30.00,17.00
0166-outubro,Bife Acebolado,29/10/2024,28.00,18.00
0167-outubro,Vatapa,06/10/2024,20.00,14.00
0168-outubro,Espaguete a Bolonhesa,07/10/2024,18.00,9.00
0169-outubro,Espaguete a Bolonhesa,17/10/2024,18.00,9.00
0170-outubro,Espaguete a Bolonhesa,02/10/2024,18.00,9.00
0171-outubro,Pizza Margherita,20/10/2024,35.00,26.00
0172-outubro,Risoto de Camarao,09/10/2024,30.00,17.00
0173-outubro,Espaguete a Bolonhesa,26/10/2024,18.00,9.00
0174-outubro,Risoto de Camarao,06/10/2024,30.00,17.00
0175-outubro,Salmao Grelhado,18/10/2024,28.00,20.00
0176-outubro,Espaguete a Bolonhesa,03/10/2024,18.00,9.00
0177-outubro,Lasanha Bolonhesa,19/10/2024,21.00,13.00
0178-outubro,Bife Acebolado,27/10/2024,28.00,18.00
0179-outubro,Bife Acebolado,31/10/2024,28.00,18.00
0180-outubro,Espaguete a Bolonhesa,18/10/2024,18.00,9.00
0181-outubro,Strogonoff de Carne,17/10/2024,25.00,15.00
0182-outubro,Pizza Margherita,21/10/2024,35.00,26.00
0183-outubro,Strogonoff de Carne,17/10/2024,25.00,15.00
0184-outubro,Pizza Margherita,09/10/2024,35.00,26.00
0185-outubro,Strogonoff de Carne,10/10/2024,25.00,15.00
0186-outubro,Strogonoff de Carne,08/10/2024,25.00,15.00
0187-outubro,Espaguete a Bolonhesa,08/10/2024,18.00,9.00
0188-outubro,Pizza Margherita,01/10/2024,35.00,26.00
0189-outubro,Salmao Grelhado,04/10/2024,28.00,20.00
0190-outubro,Lasanha Bolonhesa,10/10/2024,21.00,13.00
0191-outubro,Strogonoff de Carne,08/10/2024,25.00,15.00
0192-outubro,Salmao Grelhado,23/10/2024,28.00,20.00
0193-outubro,Espaguete a Bolonhesa,29/10/2024,18.00,9.00
0194-outubro,Frango a Parmegiana,15/10/2024,17.00,10.00
0195-outubro,Frango a Parmegiana,09/10/2024,17.00,10.00
0196-outubro,Pizza Margherita,28/10/2024,35.00,26.00
0197-outubro,Strogonoff de Carne,06/10/2024,25.00,15.00
0198-outubro,Lasanha Bolonhesa,10/10/2024,21.00,13.00
0199-outubro,Lasanha Bolonhesa,15/10/2024,21.00,13.00
0200-outubro,Strogonoff de Carne,24/10/2024,25.00,15.00
0201-outubro,Pizza Margherita,06/10/2024,35.00,26.00
0202-outubro,Espaguete a Bolonhesa,27/10/2024,18.00,9.00
0203-outubro,Bife Acebolado,28/10/2024,28.00,18.00
0204-outubro,Lasanha Bolonhesa,12/10/2024,21.00,13.00
0205-outubro,Bife Acebolado,17/10/2024,28.00,18.00
0206-outubro,Strogonoff de Carne,21/10/2024,25.00,15.00
0207-outubro,Frango a Parmegiana,06/10/2024,17.00,10.00
0208-outubro,Risoto de Camarao,21/10/2024,30.00,17.00
0209-outubro,Vatapa,25/10/2024,20.00,14.00
0210-outubro,Pizza Margherita,26/10/2024,35.00,26.00
0211-outubro,Bife Acebolado,30/10/2024,28.00,18.00
0212-outubro,Strogonoff de Carne,27/10/2024,25.00,15.00
0213-outubro,Frango a Parmegiana,25/10/2024,17.00,10.00
0214-outubro,Espaguete a Bolonhesa,30/10/2024,18.00,9.00
0215-outubro,Vatapa,24/10/2024,20.00,14.00
0216-outubro,Frango a Parmegiana,07/10/2024,17.00,10.00
0217-outubro,Moqueca de Peixe,04/10/2024,18.00,11.00
0218-outubro,Risoto de Camarao,04/10/2024,30.00,17.00
0219-outubro,Strogonoff de Carne,04/10/2024,25.00,15.00
0220-outubro,Pizza Margherita,13/10/2024,35.00,26.00
0221-outubro,Salmao Grelhado,18/10/2024,28.00,20.00
0222-outubro,Bife Acebolado,30/10/2024,28.00,18.00
0223-outubro,Salmao Grelhado,24/10/2024,28.00,20.00
0224-outubro,Lasanha Bolonhesa,13/10/2024,21.00,13.00
0225-outubro,Espaguete a Bolonhesa,06/10/2024,18.00,9.00
0226-outubro,Risoto de Camarao,11/10/2024,30.00,17.00
0227-outubro,Moqueca de Peixe,26/10/2024,18.00,11.00
0228-outubro,Moqueca de Peixe,26/10/2024,18.00,11.00
0229-outubro,Lasanha Bolonhesa,15/10/2024,21.00,13.00
0230-outubro,Pizza Margherita,08/10/2024,35.00,26.00
0231-outubro,Vatapa,31/10/2024,20.00,14.00
0232-outubro,Vatapa,07/10/2024,20.00,14.00
0233-outubro,Risoto de Camarao,29/10/2024,30.00,17.00
0234-outubro,Bife Acebolado,28/10/2024,28.00,18.00
0235-outubro,Risoto de Camarao,19/10/2024,30.00,17.00
0236-outubro,Frango a Parmegiana,15/10/2024,17.00,10.00
0237-outubro,Moqueca de Peixe,07/10/2024,18.00,11.00
0238-outubro,Espaguete a Bolonhesa,03/10/2024,18.00,9.00
0239-outubro,Frango a Parmegiana,30/10/2024,17.00,10.00
0240-outubro,Vatapa,21/10/2024,20.00,14.00
0241-outubro,Risoto de Camarao,03/10/2024,30.00,17.00
0242-outubro,Moqueca de Peixe,28/10/2024,18.00,11.00
0243-outubro,Espaguete a Bolonhesa,06/10/2024,18.00,9.00
0244-outubro,Lasanha Bolonhesa,04/10/2024,21.00,13.00
0245-outubro,Strogonoff de Carne,06/10/2024,25.00,15.00
0246-outubro,Pizza Margherita,25/10/2024,35.00,26.00
0247-outubro,Moqueca de Peixe,09/10/2024,18.00,11.00
0248-outubro,Espaguete a Bolonhesa,09/10/2024,18.00,9.00
0249-outubro,Lasanha Bolonhesa,14/10/2024,21.00,13.00
0250-outubro,Strogonoff de Carne,17/10/2024,25.00,15.00
0251-outubro,Vatapa,27/10/2024,20.00,14.00
0252-outubro,Lasanha Bolonhesa,19/10/2024,21.00,13.00
0253-outubro,Vatapa,21/10/2024,20.00,14.00
0254-outubro,Lasanha Bolonhesa,18/10/2024,21.00,13.00
0255-outubro,Risoto de Camarao,01/10/2024,30.00,17.00
0256-outubro,Frango a Parmegiana,05/10/2024,17.00,10.00
0257-outubro,Espaguete a Bolonhesa,16/10/2024,18.00,9.00
0258-outubro,Bife Acebolado,26/10/2024,28.00,18.00
0259-outubro,Moqueca de Peixe,24/10/2024,18.00,11.00
0260-outubro,Pizza Margherita,27/10/2024,35.00,26.00
0261-outubro,Risoto de Camarao,31/10/2024,30.00,17.00
0262-outubro,Vatapa,13/10/2024,20.00,14.00
0263-outubro,Moqueca de Peixe,15/10/2024,18.00,11.00
0264-outubro,Salmao Grelhado,30/10/2024,28.00,20.00
0265-outubro,Lasanha Bolonhesa,06/10/2024,21.00,13.00
0266-outubro,Lasanha Bolonhesa,22/10/2024,21.00,13.00
0267-outubro,Lasanha Bolonhesa,31/10/2024,21.00,13.00
0268-outubro,Moqueca de Peixe,08/10/2024,18.00,11.00
0269-outubro,Frango a Parmegiana,12/10/2024,17.00,10.00
0270-outubro,Bife Acebolado,05/10/2024,28.00,18.00
0271-outubro,Frango a Parmegiana,12/10/2024,17.00,10.00
0272-outubro,Salmao Grelhado,19/10/2024,28.00,20.00
0273-outubro,Vatapa,08/10/2024,20.00,14.00
0274-outubro,Risoto de Camarao,25/10/2024,30.00,17.00
0275-outubro,Pizza Margherita,21/10/2024,35.00,26.00
0276-outubro,Strogonoff de Carne,14/10/2024,25.00,15.00
0277-outubro,Salmao Grelhado,10/10/2024,28.00,20.00
0278-outubro,Espaguete a Bolonhesa,09/10/2024,18.00,9.00
0279-outubro,Vatapa,02/10/2024,20.00,14.00
0280-outubro,Strogonoff de Carne,18/10/2024,25.00,15.00
0281-outubro,Risoto de Camarao,05/10/2024,30.00,17.00
0282-outubro,Lasanha Bolonhesa,12/10/2024,21.00,13.00
0283-outubro,Strogonoff de Carne,14/10/2024,25.00,15.00
0284-outubro,Moqueca de Peixe,13/10/2024,18.00,11.00
0285-outubro,Frango a Parmegiana,08/10/2024,17.00,10.00
0286-outubro,Espaguete a Bolonhesa,28/10/2024,18.00,9.00
0287-outubro,Vatapa,03/10/2024,20.00,14.00
0288-outubro,Lasanha Bolonhesa,28/10/2024,21.00,13.00
0289-outubro,Espaguete a Bolonhesa,12/10/2024,18.00,9.00
0290-outubro,Pizza Margherita,24/10/2024,35.00,26.00
0291-outubro,Lasanha Bolonhesa,20/10/2024,21.00,13.00
0292-outubro,Espaguete a Bolonhesa,15/10/2024,18.00,9.00
0293-outubro,Bife Acebolado,26/10/2024,28.00,18.00
0294-outubro,Salmao Grelhado,25/10/2024,28.00,20.00
0295-outubro,Strogonoff de Carne,27/10/2024,25.00,15.00
0296-outubro,Frango a Parmegiana,15/10/2024,17.00,10.00
0297-outubro,Pizza Margherita,18/10/2024,35.00,26.00
0298-outubro,Lasanha Bolonhesa,12/10/2024,21.00,13.00
0299-outubro,Salmao Grelhado,17/10/2024,28.00,20.00
0300-outubro,Salmao Grelhado,18/10/2024,28.00,20.00
0301-outubro,Espaguete a Bolonhesa,20/10/2024,18.00,9.00
0302-outubro,Moqueca de Peixe,31/10/2024,18.00,11.00
0303-outubro,Espaguete a Bolonhesa,18/10/2024,18.00,9.00
0304-outubro,Bife Acebolado,26/10/2024,28.00,18.00
0305-outubro,Pizza Margherita,18/10/2024,35.00,26.00
0306-outubro,Lasanha Bolonhesa,22/10/2024,21.00,13.00
0307-outubro,Salmao Grelhado,25/10/2024,28.00,20.00
0308-outubro,Bife Acebolado,04/10/2024,28.00,18.00
0309-outubro,Pizza Margherita,02/10/2024,35.00,26.00
0310-outubro,Frango a Parmegiana,18/10/2024,17.00,10.00
0311-outubro,Pizza Margherita,22/10/2024,35.00,26.00
0312-outubro,Salmao Grelhado,19/10/2024,28.00,20.00
0313-outubro,Vatapa,06/10/2024,20.00,14.00
0314-outubro,Moqueca de Peixe,29/10/2024,18.00,11.00
0315-outubro,Espaguete a Bolonhesa,07/10/2024,18.00,9.00
0316-outubro,Lasanha Bolonhesa,07/10/2024,21.00,13.00
0317-outubro,Pizza Margherita,14/10/2024,35.00,26.00
0318-outubro,Pizza Margherita,17/10/2024,35.00,26.00
0319-outubro,Frango a Parmegiana,29/10/2024,17.00,10.00
0320-outubro,Bife Acebolado,13/10/2024,28.00,18.00
0321-outubro,Bife Acebolado,18/10/2024,28.00,18.00
0322-outubro,Moqueca de Peixe,30/10/2024,18.00,11.00
0323-outubro,Vatapa,01/10/2024,20.00,14.00
0324-outubro,Vatapa,24/10/2024,20.00,14.00
0325-outubro,Salmao Grelhado,27/10/2024,28.00,20.00
0326-outubro,Bife Acebolado,16/10/2024,28.00,18.00
0327-outubro,Moqueca de Peixe,05/10/2024,18.00,11.00
0328-outubro,Strogonoff de Carne,25/10/2024,25.00,15.00
0329-outubro,Strogonoff de Carne,17/10/2024,25.00,15.00
0330-outubro,Frango a Parmegiana,13/10/2024,17.00,10.00
0331-outubro,Espaguete a Bolonhesa,23/10/2024,18.00,9.00
0332-outubro,Bife Acebolado,05/10/2024,28.00,18.00
0333-outubro,Vatapa,18/10/2024,20.00,14.00
0334-outubro,Bife Acebolado,27/10/2024,28.00,18.00
0335-outubro,Strogonoff de Carne,08/10/2024,25.00,15.00
0336-outubro,Moqueca de Peixe,27/10/2024,18.00,11.00
0337-outubro,Lasanha Bolonhesa,12/10/2024,21.00,13.00
0338-outubro,Frango a Parmegiana,13/10/2024,17.00,10.00
0339-outubro,Espaguete a Bolonhesa,29/10/2024,18.00,9.00
0340-outubro,Risoto de Camarao,09/10/2024,30.00,17.00
0341-outubro,Bife Acebolado,27/10/2024,28.00,18.00
0342-outubro,Bife Acebolado,17/10/2024,28.00,18.00
0343-outubro,Salmao Grelhado,14/10/2024,28.00,20.00
0344-outubro,Vatapa,02/10/2024,20.00,14.00
0345-outubro,Bife Acebolado,02/10/2024,28.00,18.00
0346-outubro,Lasanha Bolonhesa,09/10/2024,21.00,13.00
0347-outubro,Salmao Grelhado,02/10/2024,28.00,20.00
0348-outubro,Risoto de Camarao,25/10/2024,30.00,17.00
0349-outubro,Moqueca de Peixe,09/10/2024,18.00,11.00
0350-outubro,Bife Acebolado,15/10/2024,28.00,18.00
0351-outubro,Espaguete a Bolonhesa,09/10/2024,18.00,9.00
0352-outubro,Moqueca de Peixe,25/10/2024,18.00,11.00
0353-outubro,Strogonoff de Carne,10/10/2024,25.00,15.00
0354-outubro,Strogonoff de Carne,23/10/2024,25.00,15.00
0355-outubro,Bife Acebolado,25/10/2024,28.00,18.00
0356-outubro,Lasanha Bolonhesa,05/10/2024,21.00,13.00
0357-outubro,Moqueca de Peixe,08/10/2024,18.00,11.00
0358-outubro,Risoto de Camarao,11/10/2024,30.00,17.00
0359-outubro,Strogonoff de Carne,06/10/2024,25.00,15.00
0360-outubro,Espaguete a Bolonhesa,11/10/2024,18.00,9.00
0361-outubro,Salmao Grelhado,02/10/2024,28.00,20.00
0362-outubro,Vatapa,21/10/2024,20.00,14.00
0363-outubro,Lasanha Bolonhesa,17/10/2024,21.00,13.00
0364-outubro,Salmao Grelhado,14/10/2024,28.00,20.00
0365-outubro,Strogonoff de Carne,16/10/2024,25.00,15.00
0366-outubro,Espaguete a Bolonhesa,21/10/2024,18.00,9.00
0367-outubro,Moqueca de Peixe,21/10/2024,18.00,11.00
0368-outubro,Espaguete a Bolonhesa,22/10/2024,18.00,9.00
0369-outubro,Espaguete a Bolonhesa,28/10/2024,18.00,9.00
0370-outubro,Moqueca de Peixe,02/10/2024,18.00,11.00
0371-outubro,Frango a Parmegiana,11/10/2024,17.00,10.00
0372-outubro,Bife Acebolado,09/10/2024,28.00,18.00
0373-outubro,Moqueca de Peixe,19/10/2024,18.00,11.00
0374-outubro,Salmao Grelhado,05/10/2024,28.00,20.00
0375-outubro,Salmao Grelhado,17/10/2024,28.00,20.00
0376-outubro,Bife Acebolado,02/10/2024,28.00,18.00
0377-outubro,Espaguete a Bolonhesa,09/10/2024,18.00,9.00
0378-outubro,Strogonoff de Carne,23/10/2024,25.00,15.00
0379-outubro,Lasanha Bolonhesa,09/10/2024,21.00,13.00
0380-outubro,Lasanha Bolonhesa,21/10/2024,21.00,13.00
0381-outubro,Lasanha Bolonhesa,03/10/2024,21.00,13.00
0382-outubro,Bife Acebolado,25/10/2024,28.00,18.00
0383-outubro,Strogonoff de Carne,12/10/2024,25.00,15.00
0384-outubro,Lasanha Bolonhesa,10/10/2024,21.00,13.00
0385-outubro,Risoto de Camarao,02/10/2024,30.00,17.00
0386-outubro,Lasanha Bolonhesa,20/10/2024,21.00,13.00
0387-outubro,Lasanha Bolonhesa,27/10/2024,21.00,13.00
0388-outubro,Lasanha Bolonhesa,13/10/2024,21.00,13.00
0389-outubro,Lasanha Bolonhesa,25/10/2024,21.00,13.00
0390-outubro,Strogonoff de Carne,12/10/2024,25.00,15.00
0391-outubro,Moqueca de Peixe,18/10/2024,18.00,11.00
0392-outubro,Risoto de Camarao,18/10/2024,30.00,17.00
0393-outubro,Vatapa,05/10/2024,20.00,14.00
0394-outubro,Espaguete a Bolonhesa,07/10/2024,18.00,9.00
0395-outubro,Frango a Parmegiana,08/10/2024,17.00,10.00
0396-outubro,Vatapa,31/10/2024,20.00,14.00
0397-outubro,Risoto de Camarao,30/10/2024,30.00,17.00
0398-outubro,Moqueca de Peixe,01/10/2024,18.00,11.00
0399-outubro,Vatapa,20/10/2024,20.00,14.00
0400-outubro,Risoto de Camarao,24/10/2024,30.00,17.00
0401-outubro,Lasanha Bolonhesa,29/10/2024,21.00,13.00
0402-outubro,Lasanha Bolonhesa,14/10/2024,21.00,13.00
0403-outubro,Risoto de Camarao,17/10/2024,30.00,17.00
0404-outubro,Vatapa,23/10/2024,20.00,14.00
0405-outubro,Vatapa,09/10/2024,20.00,14.00
0406-outubro,Strogonoff de Carne,03/10/2024,25.00,15.00
0407-outubro,Moqueca de Peixe,09/10/2024,18.00,11.00
0408-outubro,Bife Acebolado,30/10/2024,28.00,18.00
0409-outubro,Salmao Grelhado,09/10/2024,28.00,20.00
0410-outubro,Risoto de Camarao,27/10/2024,30.00,17.00
0411-outubro,Bife Acebolado,08/10/2024,28.00,18.00
0412-outubro,Bife Acebolado,05/10/2024,28.00,18.00
0413-outubro,Moqueca de Peixe,10/10/2024,18.00,11.00
0414-outubro,Moqueca de Peixe,30/10/2024,18.00,11.00
0415-outubro,Lasanha Bolonhesa,22/10/2024,21.00,13.00
0416-outubro,Moqueca de Peixe,03/10/2024,18.00,11.00
0417-outubro,Frango a Parmegiana,11/10/2024,17.00,10.00
0418-outubro,Espaguete a Bolonhesa,04/10/2024,18.00,9.00
0419-outubro,Bife Acebolado,03/10/2024,28.00,18.00
0420-outubro,Strogonoff de Carne,24/10/2024,25.00,15.00
0421-outubro,Frango a Parmegiana,14/10/2024,17.00,10.00
0422-outubro,Risoto de Camarao,06/10/2024,30.00,17.00
0423-outubro,Vatapa,29/10/2024,20.00,14.00
0424-outubro,Frango a Parmegiana,08/10/2024,17.00,10.00
0425-outubro,Moqueca de Peixe,20/10/2024,18.00,11.00
0426-outubro,Moqueca de Peixe,04/10/2024,18.00,11.00
0427-outubro,Frango a Parmegiana,09/10/2024,17.00,10.00
0428-outubro,Bife Acebolado,07/10/2024,28.00,18.00
0429-outubro,Risoto de Camarao,13/10/2024,30.00,17.00
0430-outubro,Lasanha Bolonhesa,03/10/2024,21.00,13.00
0431-outubro,Strogonoff de Carne,29/10/2024,25.00,15.00
0432-outubro,Lasanha Bolonhesa,30/10/2024,21.00,13.00
0433-outubro,Lasanha Bolonhesa,24/10/2024,21.00,13.00
0434-outubro,Salmao Grelhado,01/10/2024,28.00,20.00
0435-outubro,Risoto de Camarao,14/10/2024,30.00,17.00
0436-outubro,Frango a Parmegiana,06/10/2024,17.00,10.00
0437-outubro,Salmao Grelhado,11/10/2024,28.00,20.00
0438-outubro,Strogonoff de Carne,05/10/2024,25.00,15.00
0439-outubro,Lasanha Bolonhesa,21/10/2024,21.00,13.00
0440-outubro,Bife Acebolado,24/10/2024,28.00,18.00
0441-outubro,Frango a Parmegiana,01/10/2024,17.00,10.00
0442-outubro,Espaguete a Bolonhesa,26/10/2024,18.00,9.00
0443-outubro,Frango a Parmegiana,11/10/2024,17.00,10.00
0444-outubro,Strogonoff de Carne,11/10/2024,25.00,15.00
0445-outubro,Pizza Margherita,25/10/2024,35.00,26.00
0446-outubro,Bife Acebolado,23/10/2024,28.00,18.00
0447-outubro,Risoto de Camarao,19/10/2024,30.00,17.00
0448-outubro,Lasanha Bolonhesa,11/10/2024,21.00,13.00
0449-outubro,Strogonoff de Carne,22/10/2024,25.00,15.00
0450-outubro,Bife Acebolado,30/10/2024,28.00,18.00
0451-outubro,Strogonoff de Carne,24/10/2024,25.00,15.00
0452-outubro,Bife Acebolado,29/10/2024,28.00,18.00
0453-outubro,Frango a Parmegiana,23/10/2024,17.00,10.00
0454-outubro,Salmao Grelhado,01/10/2024,28.00,20.00
0455-outubro,Espaguete a Bolonhesa,17/10/2024,18.00,9.00
0456-outubro,Lasanha Bolonhesa,05/10/2024,21.00,13.00
0457-outubro,Risoto de Camarao,22/10/2024,30.00,17.00
0458-outubro,Risoto de Camarao,20/10/2024,30.00,17.00
0459-outubro,Lasanha Bolonhesa,27/10/2024,21.00,13.00
0460-outubro,Moqueca de Peixe,18/10/2024,18.00,11.00
0461-outubro,Frango a Parmegiana,30/10/2024,17.00,10.00
0462-outubro,Risoto de Camarao,28/10/2024,30.00,17.00
0463-outubro,Vatapa,08/10/2024,20.00,14.00
0464-outubro,Salmao Grelhado,05/10/2024,28.00,20.00
0465-outubro,Lasanha Bolonhesa,29/10/2024,21.00,13.00
0466-outubro,Frango a Parmegiana,18/10/2024,17.00,10.00
0467-outubro,Salmao Grelhado,25/10/2024,28.00,20.00
0468-outubro,Bife Acebolado,25/10/2024,28.00,18.00
0469-outubro,Frango a Parmegiana,09/10/2024,17.00,10.00
0470-outubro,Frango a Parmegiana,29/10/2024,17.00,10.00
0471-outubro,Risoto de Camarao,27/10/2024,30.00,17.00
0472-outubro,Pizza Margherita,18/10/2024,35.00,26.00
0473-outubro,Moqueca de Peixe,24/10/2024,18.00,11.00
0474-outubro,Bife Acebolado,21/10/2024,28.00,18.00
0475-outubro,Bife Acebolado,20/10/2024,28.00,18.00
0476-outubro,Salmao Grelhado,17/10/2024,28.00,20.00
0477-outubro,Salmao Grelhado,21/10/2024,28.00,20.00
0478-outubro,Pizza Margherita,30/10/2024,35.00,26.00
0479-outubro,Espaguete a Bolonhesa,07/10/2024,18.00,9.00
0480-outubro,Salmao Grelhado,04/10/2024,28.00,20.00
0481-outubro,Espaguete a Bolonhesa,19/10/2024,18.00,9.00
0482-outubro,Pizza Margherita,05/10/2024,35.00,26.00
0483-outubro,Espaguete a Bolonhesa,13/10/2024,18.00,9.00
0484-outubro,Lasanha Bolonhesa,09/10/2024,21.00,13.00
0485-outubro,Pizza Margherita,12/10/2024,35.00,26.00
0486-outubro,Lasanha Bolonhesa,01/10/2024,21.00,13.00
0487-outubro,Salmao Grelhado,17/10/2024,28.00,20.00
0488-outubro,Lasanha Bolonhesa,14/10/2024,21.00,13.00
0489-outubro,Moqueca de Peixe,23/10/2024,18.00,11.00
0490-outubro,Lasanha Bolonhesa,28/10/2024,21.00,13.00
0491-outubro,Bife Acebolado,07/10/2024,28.00,18.00
0492-outubro,Lasanha Bolonhesa,04/10/2024,21.00,13.00
0493-outubro,Salmao Grelhado,19/10/2024,28.00,20.00
0494-outubro,Moqueca de Peixe,12/10/2024,18.00,11.00
0495-outubro,Bife Acebolado,06/10/2024,28.00,18.00
0496-outubro,Bife Acebolado,03/10/2024,28.00,18.00
0497-outubro,Vatapa,04/10/2024,20.00,14.00
0498-outubro,Pizza Margherita,21/10/2024,35.00,26.00
0499-outubro,Risoto de Camarao,09/10/2024,30.00,17.00
0500-outubro,Bife Acebolado,14/10/2024,28.00,18.00
0501-outubro,Lasanha Bolonhesa,12/10/2024,21.00,13.00
0502-outubro,Bife Acebolado,26/10/2024,28.00,18.00
0503-outubro,Frango a Parmegiana,07/10/2024,17.00,10.00
0504-outubro,Risoto de Camarao,06/10/2024,30.00,17.00
0505-outubro,Bife Acebolado,07/10/2024,28.00,18.00
0506-outubro,Moqueca de Peixe,05/10/2024,18.00,11.00
0507-outubro,Lasanha Bolonhesa,07/10/2024,21.00,13.00
0508-outubro,Vatapa,30/10/2024,20.00,14.00
0509-outubro,Moqueca de Peixe,08/10/2024,18.00,11.00
0510-outubro,Pizza Margherita,26/10/2024,35.00,26.00
0511-outubro,Bife Acebolado,17/10/2024,28.00,18.00
0512-outubro,Bife Acebolado,19/10/2024,28.00,18.00
0513-outubro,Pizza Margherita,31/10/2024,35.00,26.00
0514-outubro,Salmao Grelhado,12/10/2024,28.00,20.00
0515-outubro,Bife Acebolado,26/10/2024,28.00,18.00
0516-outubro,Lasanha Bolonhesa,15/10/2024,21.00,13.00
0517-outubro,Pizza Margherita,27/10/2024,35.00,26.00
0518-outubro,Bife Acebolado,04/10/2024,28.00,18.00
0519-outubro,Salmao Grelhado,30/10/2024,28.00,20.00
0520-outubro,Risoto de Camarao,30/10/2024,30.00,17.00
0521-outubro,Frango a Parmegiana,16/10/2024,17.00,10.00
0522-outubro,Vatapa,29/10/2024,20.00,14.00
0523-outubro,Espaguete a Bolonhesa,23/10/2024,18.00,9.00
0524-outubro,Pizza Margherita,07/10/2024,35.00,26.00
0525-outubro,Frango a Parmegiana,23/10/2024,17.00,10.00
0526-outubro,Vatapa,12/10/2024,20.00,14.00
0527-outubro,Bife Acebolado,10/10/2024,28.00,18.00
0528-outubro,Moqueca de Peixe,16/10/2024,18.00,11.00
0529-outubro,Espaguete a Bolonhesa,21/10/2024,18.00,9.00
0530-outubro,Frango a Parmegiana,08/10/2024,17.00,10.00
0531-outubro,Espaguete a Bolonhesa,07/10/2024,18.00,9.00
0532-outubro,Salmao Grelhado,22/10/2024,28.00,20.00
0533-outubro,Salmao Grelhado,17/10/2024,28.00,20.00
0534-outubro,Pizza Margherita,09/10/2024,35.00,26.00
0535-outubro,Bife Acebolado,10/10/2024,28.00,18.00
0536-outubro,Strogonoff de Carne,03/10/2024,25.00,15.00
0537-outubro,Moqueca de Peixe,18/10/2024,18.00,11.00
0538-outubro,Lasanha Bolonhesa,29/10/2024,21.00,13.00
0539-outubro,Vatapa,26/10/2024,20.00,14.00
0540-outubro,Lasanha Bolonhesa,13/10/2024,21.00,13.00
0541-outubro,Pizza Margherita,27/10/2024,35.00,26.00
0542-outubro,Salmao Grelhado,17/10/2024,28.00,20.00
0543-outubro,Risoto de Camarao,10/10/2024,30.00,17.00
0544-outubro,Moqueca de Peixe,18/10/2024,18.00,11.00
0545-outubro,Strogonoff de Carne,20/10/2024,25.00,15.00
0546-outubro,Lasanha Bolonhesa,05/10/2024,21.00,13.00
0547-outubro,Frango a Parmegiana,03/10/2024,17.00,10.00
0548-outubro,Risoto de Camarao,06/10/2024,30.00,17.00
0549-outubro,Salmao Grelhado,26/10/2024,28.00,20.00
0550-outubro,Salmao Grelhado,13/10/2024,28.00,20.00
0551-outubro,Strogonoff de Carne,08/10/2024,25.00,15.00
0552-outubro,Salmao Grelhado,16/10/2024,28.00,20.00
0553-outubro,Pizza Margherita,03/10/2024,35.00,26.00
0554-outubro,Vatapa,02/10/2024,20.00,14.00
0555-outubro,Risoto de Camarao,08/10/2024,30.00,17.00
0556-outubro,Moqueca de Peixe,03/10/2024,18.00,11.00
0557-outubro,Frango a Parmegiana,25/10/2024,17.00,10.00
0558-outubro,Lasanha Bolonhesa,05/10/2024,21.00,13.00
0559-outubro,Vatapa,09/10/2024,20.00,14.00
0560-outubro,Risoto de Camarao,27/10/2024,30.00,17.00
0561-outubro,Lasanha Bolonhesa,15/10/2024,21.00,13.00
0562-outubro,Lasanha Bolonhesa,25/10/2024,21.00,13.00
0563-outubro,Pizza Margherita,26/10/2024,35.00,26.00
0564-outubro,Espaguete a Bolonhesa,22/10/2024,18.00,9.00
0565-outubro,Strogonoff de Carne,15/10/2024,25.00,15.00
0566-outubro,Frango a Parmegiana,30/10/2024,17.00,10.00
0567-outubro,Frango a Parmegiana,30/10/2024,17.00,10.00
0568-outubro,Bife Acebolado,23/10/2024,28.00,18.00
0569-outubro,Pizza Margherita,23/10/2024,35.00,26.00
0570-outubro,Bife Acebolado,12/10/2024,28.00,18.00
0571-outubro,Risoto de Camarao,21/10/2024,30.00,17.00
0572-outubro,Vatapa,31/10/2024,20.00,14.00
0573-outubro,Lasanha Bolonhesa,01/10/2024,21.00,13.00
0574-outubro,Risoto de Camarao,18/10/2024,30.00,17.00
0575-outubro,Moqueca de Peixe,27/10/2024,18.00,11.00
0576-outubro,Strogonoff de Carne,09/10/2024,25.00,15.00
0577-outubro,Vatapa,12/10/2024,20.00,14.00
0578-outubro,Espaguete a Bolonhesa,13/10/2024,18.00,9.00
0579-outubro,Risoto de Camarao,16/10/2024,30.00,17.00
0580-outubro,Moqueca de Peixe,15/10/2024,18.00,11.00
0581-outubro,Espaguete a Bolonhesa,23/10/2024,18.00,9.00
0582-outubro,Frango a Parmegiana,04/10/2024,17.00,10.00
0583-outubro,Salmao Grelhado,19/10/2024,28.00,20.00
0584-outubro,Risoto de Camarao,31/10/2024,30.00,17.00
0585-outubro,Espaguete a Bolonhesa,04/10/2024,18.00,9.00
0586-outubro,Lasanha Bolonhesa,07/10/2024,21.00,13.00
0587-outubro,Salmao Grelhado,12/10/2024,28.00,20.00
0588-outubro,Strogonoff de Carne,11/10/2024,25.00,15.00
0589-outubro,Strogonoff de Carne,09/10/2024,25.00,15.00
0590-outubro,Risoto de Camarao,11/10/2024,30.00,17.00
0591-outubro,Risoto de Camarao,18/10/2024,30.00,17.00
0592-outubro,Pizza Margherita,08/10/2024,35.00,26.00
0593-outubro,Lasanha Bolonhesa,02/10/2024,21.00,13.00
0594-outubro,Salmao Grelhado,24/10/2024,28.00,20.00
0595-outubro,Espaguete a Bolonhesa,19/10/2024,18.00,9.00
0596-outubro,Moqueca de Peixe,24/10/2024,18.00,11.00
0597-outubro,Pizza Margherita,10/10/2024,35.00,26.00
0598-outubro,Pizza Margherita,11/10/2024,35.00,26.00
0599-outubro,Moqueca de Peixe,24/10/2024,18.00,11.00
0600-outubro,Pizza Margherita,18/10/2024,35.00,26.00
0601-outubro,Espaguete a Bolonhesa,31/10/2024,18.00,9.00
0602-outubro,Vatapa,22/10/2024,20.00,14.00
0603-outubro,Vatapa,13/10/2024,20.00,14.00
0604-outubro,Frango a Parmegiana,03/10/2024,17.00,10.00
0605-outubro,Lasanha Bolonhesa,12/10/2024,21.00,13.00
0606-outubro,Vatapa,31/10/2024,20.00,14.00
0607-outubro,Vatapa,15/10/2024,20.00,14.00
0608-outubro,Bife Acebolado,20/10/2024,28.00,18.00
0609-outubro,Vatapa,17/10/2024,20.00,14.00
0610-outubro,Bife Acebolado,07/10/2024,28.00,18.00
0611-outubro,Risoto de Camarao,27/10/2024,30.00,17.00
0612-outubro,Pizza Margherita,09/10/2024,35.00,26.00
0613-outubro,Bife Acebolado,22/10/2024,28.00,18.00
0614-outubro,Moqueca de Peixe,04/10/2024,18.00,11.00
0615-outubro,Lasanha Bolonhesa,07/10/2024,21.00,13.00
0616-outubro,Espaguete a Bolonhesa,20/10/2024,18.00,9.00
0617-outubro,Pizza Margherita,24/10/2024,35.00,26.00
0618-outubro,Frango a Parmegiana,18/10/2024,17.00,10.00
0619-outubro,Bife Acebolado,27/10/2024,28.00,18.00
0620-outubro,Strogonoff de Carne,10/10/2024,25.00,15.00
0621-outubro,Salmao Grelhado,06/10/2024,28.00,20.00
0622-outubro,Strogonoff de Carne,17/10/2024,25.00,15.00
0623-outubro,Moqueca de Peixe,28/10/2024,18.00,11.00
0624-outubro,Pizza Margherita,12/10/2024,35.00,26.00
0625-outubro,Pizza Margherita,02/10/2024,35.00,26.00
0626-outubro,Bife Acebolado,27/10/2024,28.00,18.00
0627-outubro,Lasanha Bolonhesa,17/10/2024,21.00,13.00
0628-outubro,Bife Acebolado,05/10/2024,28.00,18.00
0629-outubro,Moqueca de Peixe,22/10/2024,18.00,11.00
0630-outubro,Espaguete a Bolonhesa,09/10/2024,18.00,9.00
0631-outubro,Frango a Parmegiana,14/10/2024,17.00,10.00
0632-outubro,Strogonoff de Carne,15/10/2024,25.00,15.00
0633-outubro,Lasanha Bolonhesa,15/10/2024,21.00,13.00
0634-outubro,Pizza Margherita,08/10/2024,35.00,26.00
0635-outubro,Pizza Margherita,03/10/2024,35.00,26.00
0636-outubro,Moqueca de Peixe,18/10/2024,18.00,11.00
0637-outubro,Frango a Parmegiana,14/10/2024,17.00,10.00
0638-outubro,Lasanha Bolonhesa,18/10/2024,21.00,13.00
0639-outubro,Espaguete a Bolonhesa,07/10/2024,18.00,9.00
0640-outubro,Moqueca de Peixe,25/10/2024,18.00,11.00
0641-outubro,Strogonoff de Carne,05/10/2024,25.00,15.00
0642-outubro,Pizza Margherita,07/10/2024,35.00,26.00
0643-outubro,Strogonoff de Carne,12/10/2024,25.00,15.00
0644-outubro,Pizza Margherita,02/10/2024,35.00,26.00
0645-outubro,Risoto de Camarao,03/10/2024,30.00,17.00
0646-outubro,Lasanha Bolonhesa,21/10/2024,21.00,13.00
0647-outubro,Bife Acebolado,05/10/2024,28.00,18.00
0648-outubro,Moqueca de Peixe,07/10/2024,18.00,11.00
0649-outubro,Risoto de Camarao,12/10/2024,30.00,17.00
0650-outubro,Frango a Parmegiana,25/10/2024,17.00,10.00
0651-outubro,Bife Acebolado,05/10/2024,28.00,18.00
0652-outubro,Risoto de Camarao,09/10/2024,30.00,17.00
0653-outubro,Lasanha Bolonhesa,29/10/2024,21.00,13.00
0654-outubro,Strogonoff de Carne,22/10/2024,25.00,15.00
0655-outubro,Espaguete a Bolonhesa,10/10/2024,18.00,9.00
0656-outubro,Bife Acebolado,11/10/2024,28.00,18.00
0657-outubro,Bife Acebolado,19/10/2024,28.00,18.00
0658-outubro,Moqueca de Peixe,28/10/2024,18.00,11.00
0659-outubro,Frango a Parmegiana,07/10/2024,17.00,10.00
0660-outubro,Espaguete a Bolonhesa,22/10/2024,18.00,9.00
0661-outubro,Frango a Parmegiana,05/10/2024,17.00,10.00
0662-outubro,Risoto de Camarao,30/10/2024,30.00,17.00
0663-outubro,Vatapa,24/10/2024,20.00,14.00
0664-outubro,Lasanha Bolonhesa,05/10/2024,21.00,13.00
0665-outubro,Moqueca de Peixe,06/10/2024,18.00,11.00
0666-outubro,Bife Acebolado,05/10/2024,28.00,18.00
0667-outubro,Risoto de Camarao,09/10/2024,30.00,17.00
0668-outubro,Moqueca de Peixe,29/10/2024,18.00,11.00
0669-outubro,Salmao Grelhado,16/10/2024,28.00,20.00
0670-outubro,Espaguete a Bolonhesa,17/10/2024,18.00,9.00
0671-outubro,Lasanha Bolonhesa,01/10/2024,21.00,13.00
0672-outubro,Frango a Parmegiana,09/10/2024,17.00,10.00
0673-outubro,Espaguete a Bolonhesa,03/10/2024,18.00,9.00
0674-outubro,Risoto de Camarao,26/10/2024,30.00,17.00
0675-outubro,Salmao Grelhado,22/10/2024,28.00,20.00
0676-outubro,Bife Acebolado,07/10/2024,28.00,18.00
0677-outubro,Frango a Parmegiana,10/10/2024,17.00,10.00
0678-outubro,Salmao Grelhado,05/10/2024,28.00,20.00
0679-outubro,Espaguete a Bolonhesa,30/10/2024,18.00,9.00
0680-outubro,Espaguete a Bolonhesa,15/10/2024,18.00,9.00
0681-outubro,Lasanha Bolonhesa,11/10/2024,21.00,13.00
0682-outubro,Bife Acebolado,06/10/2024,28.00,18.00
0683-outubro,Pizza Margherita,03/10/2024,35.00,26.00
0684-outubro,Strogonoff de Carne,13/10/2024,25.00,15.00
0685-outubro,Bife Acebolado,01/10/2024,28.00,18.00
0686-outubro,Pizza Margherita,29/10/2024,35.00,26.00
0687-outubro,Risoto de Camarao,11/10/2024,30.00,17.00
0688-outubro,Espaguete a Bolonhesa,14/10/2024,18.00,9.00
0689-outubro,Lasanha Bolonhesa,18/10/2024,21.00,13.00
0690-outubro,Salmao Grelhado,05/10/2024,28.00,20.00
0691-outubro,Lasanha Bolonhesa,15/10/2024,21.00,13.00
0692-outubro,Espaguete a Bolonhesa,15/10/2024,18.00,9.00
0693-outubro,Espaguete a Bolonhesa,10/10/2024,18.00,9.00
0694-outubro,Moqueca de Peixe,01/10/2024,18.00,11.00
0695-outubro,Risoto de Camarao,25/10/2024,30.00,17.00
0696-outubro,Espaguete a Bolonhesa,02/10/2024,18.00,9.00
0697-outubro,Strogonoff de Carne,23/10/2024,25.00,15.00
0698-outubro,Frango a Parmegiana,01/10/2024,17.00,10.00
0699-outubro,Risoto de Camarao,12/10/2024,30.00,17.00
0700-outubro,Risoto de Camarao,28/10/2024,30.00,17.00
0701-outubro,Strogonoff de Carne,29/10/2024,25.00,15.00
0702-outubro,Lasanha Bolonhesa,02/10/2024,21.00,13.00
0703-outubro,Espaguete a Bolonhesa,17/10/2024,18.00,9.00
0704-outubro,Vatapa,09/10/2024,20.00,14.00
0705-outubro,Vatapa,18/10/2024,20.00,14.00
0706-outubro,Risoto de Camarao,30/10/2024,30.00,17.00
0707-outubro,Moqueca de Peixe,22/10/2024,18.00,11.00
0708-outubro,Bife Acebolado,08/10/2024,28.00,18.00
0709-outubro,Frango a Parmegiana,14/10/2024,17.00,10.00
0710-outubro,Strogonoff de Carne,13/10/2024,25.00,15.00
0711-outubro,Lasanha Bolonhesa,29/10/2024,21.00,13.00
0712-outubro,Espaguete a Bolonhesa,09/10/2024,18.00,9.00
0713-outubro,Salmao Grelhado,19/10/2024,28.00,20.00
0714-outubro,Vatapa,22/10/2024,20.00,14.00
0715-outubro,Moqueca de Peixe,27/10/2024,18.00,11.00
0716-outubro,Bife Acebolado,19/10/2024,28.00,18.00
0717-outubro,Moqueca de Peixe,27/10/2024,18.00,11.00
0718-outubro,Espaguete a Bolonhesa,22/10/2024,18.00,9.00
0719-outubro,Lasanha Bolonhesa,17/10/2024,21.00,13.00
0720-outubro,Moqueca de Peixe,06/10/2024,18.00,11.00
0721-outubro,Strogonoff de Carne,30/10/2024,25.00,15.00
0722-outubro,Strogonoff de Carne,05/10/2024,25.00,15.00
0723-outubro,Espaguete a Bolonhesa,03/10/2024,18.00,9.00
0724-outubro,Risoto de Camarao,29/10/2024,30.00,17.00
0725-outubro,Frango a Parmegiana,15/10/2024,17.00,10.00
0726-outubro,Bife Acebolado,18/10/2024,28.00,18.00
0727-outubro,Pizza Margherita,20/10/2024,35.00,26.00
0728-outubro,Moqueca de Peixe,14/10/2024,18.00,11.00
0729-outubro,Strogonoff de Carne,20/10/2024,25.00,15.00
0730-outubro,Frango a Parmegiana,15/10/2024,17.00,10.00
0731-outubro,Vatapa,02/10/2024,20.00,14.00
0732-outubro,Risoto de Camarao,04/10/2024,30.00,17.00
0733-outubro,Pizza Margherita,21/10/2024,35.00,26.00
0734-outubro,Moqueca de Peixe,29/10/2024,18.00,11.00
0735-outubro,Espaguete a Bolonhesa,10/10/2024,18.00,9.00
0736-outubro,Bife Acebolado,06/10/2024,28.00,18.00
0737-outubro,Pizza Margherita,21/10/2024,35.00,26.00
0738-outubro,Strogonoff de Carne,29/10/2024,25.00,15.00
0739-outubro,Pizza Margherita,09/10/2024,35.00,26.00
0740-outubro,Vatapa,09/10/2024,20.00,14.00
0741-outubro,Salmao Grelhado,10/10/2024,28.00,20.00
0742-outubro,Moqueca de Peixe,28/10/2024,18.00,11.00
0743-outubro,Moqueca de Peixe,29/10/2024,18.00,11.00
0744-outubro,Salmao Grelhado,11/10/2024,28.00,20.00
0745-outubro,Lasanha Bolonhesa,14/10/2024,21.00,13.00
0746-outubro,Salmao Grelhado,10/10/2024,28.00,20.00
0747-outubro,Risoto de Camarao,21/10/2024,30.00,17.00
0748-outubro,Salmao Grelhado,02/10/2024,28.00,20.00
0749-outubro,Strogonoff de Carne,12/10/2024,25.00,15.00
0750-outubro,Moqueca de Peixe,29/10/2024,18.00,11.00
0751-outubro,Espaguete a Bolonhesa,13/10/2024,18.00,9.00
0752-outubro,Lasanha Bolonhesa,04/10/2024,21.00,13.00
0753-outubro,Lasanha Bolonhesa,18/10/2024,21.00,13.00
0754-outubro,Vatapa,19/10/2024,20.00,14.00
0755-outubro,Salmao Grelhado,09/10/2024,28.00,20.00
0756-outubro,Lasanha Bolonhesa,30/10/2024,21.00,13.00
0757-outubro,Vatapa,21/10/2024,20.00,14.00
0758-outubro,Salmao Grelhado,24/10/2024,28.00,20.00
0759-outubro,Salmao Grelhado,10/10/2024,28.00,20.00
0760-outubro,Frango a Parmegiana,15/10/2024,17.00,10.00
0761-outubro,Lasanha Bolonhesa,19/10/2024,21.00,13.00
0762-outubro,Espaguete a Bolonhesa,24/10/2024,18.00,9.00
0763-outubro,Strogonoff de Carne,25/10/2024,25.00,15.00
0764-outubro,Moqueca de Peixe,07/10/2024,18.00,11.00
0765-outubro,Moqueca de Peixe,10/10/2024,18.00,11.00
0766-outubro,Strogonoff de Carne,20/10/2024,25.00,15.00
0767-outubro,Espaguete a Bolonhesa,22/10/2024,18.00,9.00
0768-outubro,Risoto de Camarao,01/10/2024,30.00,17.00
0769-outubro,Bife Acebolado,19/10/2024,28.00,18.00
0770-outubro,Risoto de Camarao,12/10/2024,30.00,17.00
0771-outubro,Bife Acebolado,28/10/2024,28.00,18.00
0772-outubro,Risoto de Camarao,19/10/2024,30.00,17.00
0773-outubro,Salmao Grelhado,01/10/2024,28.00,20.00
0774-outubro,Moqueca de Peixe,30/10/2024,18.00,11.00
0775-outubro,Bife Acebolado,17/10/2024,28.00,18.00
0776-outubro,Strogonoff de Carne,03/10/2024,25.00,15.00
0777-outubro,Bife Acebolado,04/10/2024,28.00,18.00
0778-outubro,Lasanha Bolonhesa,30/10/2024,21.00,13.00
0779-outubro,Lasanha Bolonhesa,26/10/2024,21.00,13.00
0780-outubro,Moqueca de Peixe,14/10/2024,18.00,11.00
0781-outubro,Pizza Margherita,31/10/2024,35.00,26.00
0782-outubro,Salmao Grelhado,04/10/2024,28.00,20.00
0783-outubro,Pizza Margherita,10/10/2024,35.00,26.00
0784-outubro,Frango a Parmegiana,28/10/2024,17.00,10.00
0785-outubro,Pizza Margherita,07/10/2024,35.00,26.00
0786-outubro,Lasanha Bolonhesa,10/10/2024,21.00,13.00
0787-outubro,Moqueca de Peixe,14/10/2024,18.00,11.00
0788-outubro,Moqueca de Peixe,25/10/2024,18.00,11.00
0789-outubro,Bife Acebolado,29/10/2024,28.00,18.00
0790-outubro,Lasanha Bolonhesa,03/10/2024,21.00,13.00
0791-outubro,Salmao Grelhado,01/10/2024,28.00,20.00
0792-outubro,Risoto de Camarao,03/10/2024,30.00,17.00
0793-outubro,Pizza Margherita,04/10/2024,35.00,26.00
0794-outubro,Espaguete a Bolonhesa,10/10/2024,18.00,9.00
0795-outubro,Moqueca de Peixe,11/10/2024,18.00,11.00
0796-outubro,Strogonoff de Carne,14/10/2024,25.00,15.00
0797-outubro,Risoto de Camarao,04/10/2024,30.00,17.00
0798-outubro,Frango a Parmegiana,25/10/2024,17.00,10.00
0799-outubro,Lasanha Bolonhesa,15/10/2024,21.00,13.00
0800-outubro,Strogonoff de Carne,22/10/2024,25.00,15.00
0801-outubro,Pizza Margherita,28/10/2024,35.00,26.00
0802-outubro,Salmao Grelhado,11/10/2024,28.00,20.00
0803-outubro,Espaguete a Bolonhesa,24/10/2024,18.00,9.00
0804-outubro,Moqueca de Peixe,31/10/2024,18.00,11.00
0805-outubro,Risoto de Camarao,24/10/2024,30.00,17.00
0806-outubro,Frango a Parmegiana,08/10/2024,17.00,10.00
0807-outubro,Strogonoff de Carne,29/10/2024,25.00,15.00
0808-outubro,Moqueca de Peixe,07/10/2024,18.00,11.00
0809-outubro,Salmao Grelhado,08/10/2024,28.00,20.00
0810-outubro,Vatapa,23/10/2024,20.00,14.00
0811-outubro,Pizza Margherita,04/10/2024,35.00,26.00
0812-outubro,Moqueca de Peixe,12/10/2024,18.00,11.00
0813-outubro,Moqueca de Peixe,02/10/2024,18.00,11.00
0814-outubro,Vatapa,17/10/2024,20.00,14.00
0815-outubro,Pizza Margherita,17/10/2024,35.00,26.00
0816-outubro,Vatapa,11/10/2024,20.00,14.00
0817-outubro,Risoto de Camarao,22/10/2024,30.00,17.00
0818-outubro,Salmao Grelhado,01/10/2024,28.00,20.00
0819-outubro,Bife Acebolado,02/10/2024,28.00,18.00
0820-outubro,Espaguete a Bolonhesa,14/10/2024,18.00,9.00
0821-outubro,Bife Acebolado,05/10/2024,28.00,18.00
0822-outubro,Moqueca de Peixe,20/10/2024,18.00,11.00
0823-outubro,Moqueca de Peixe,18/10/2024,18.00,11.00
0824-outubro,Vatapa,05/10/2024,20.00,14.00
0825-outubro,Salmao Grelhado,19/10/2024,28.00,20.00
0826-outubro,Vatapa,28/10/2024,20.00,14.00
0827-outubro,Vatapa,01/10/2024,20.00,14.00
0828-outubro,Espaguete a Bolonhesa,03/10/2024,18.00,9.00
0829-outubro,Bife Acebolado,24/10/2024,28.00,18.00
0830-outubro,Vatapa,19/10/2024,20.00,14.00
0831-outubro,Moqueca de Peixe,27/10/2024,18.00,11.00
0832-outubro,Espaguete a Bolonhesa,07/10/2024,18.00,9.00
0833-outubro,Salmao Grelhado,06/10/2024,28.00,20.00
0834-outubro,Moqueca de Peixe,16/10/2024,18.00,11.00
0835-outubro,Pizza Margherita,05/10/2024,35.00,26.00
0836-outubro,Risoto de Camarao,20/10/2024,30.00,17.00
0837-outubro,Moqueca de Peixe,19/10/2024,18.00,11.00
0838-outubro,Lasanha Bolonhesa,26/10/2024,21.00,13.00
0839-outubro,Frango a Parmegiana,08/10/2024,17.00,10.00
0840-outubro,Moqueca de Peixe,16/10/2024,18.00,11.00
0841-outubro,Risoto de Camarao,02/10/2024,30.00,17.00
0842-outubro,Bife Acebolado,30/10/2024,28.00,18.00
0843-outubro,Frango a Parmegiana,08/10/2024,17.00,10.00
0844-outubro,Salmao Grelhado,18/10/2024,28.00,20.00
0845-outubro,Espaguete a Bolonhesa,17/10/2024,18.00,9.00
0846-outubro,Strogonoff de Carne,04/10/2024,25.00,15.00
0847-outubro,Espaguete a Bolonhesa,31/10/2024,18.00,9.00
0848-outubro,Frango a Parmegiana,14/10/2024,17.00,10.00
0849-outubro,Espaguete a Bolonhesa,12/10/2024,18.00,9.00
0850-outubro,Lasanha Bolonhesa,10/10/2024,21.00,13.00
0851-outubro,Lasanha Bolonhesa,24/10/2024,21.00,13.00
0852-outubro,Moqueca de Peixe,14/10/2024,18.00,11.00
0853-outubro,Frango a Parmegiana,30/10/2024,17.00,10.00
0854-outubro,Moqueca de Peixe,19/10/2024,18.00,11.00
0855-outubro,Moqueca de Peixe,19/10/2024,18.00,11.00
0856-outubro,Lasanha Bolonhesa,25/10/2024,21.00,13.00
0857-outubro,Frango a Parmegiana,10/10/2024,17.00,10.00
0858-outubro,Frango a Parmegiana,29/10/2024,17.00,10.00
0859-outubro,Salmao Grelhado,05/10/2024,28.00,20.00
0860-outubro,Frango a Parmegiana,01/10/2024,17.00,10.00
0861-outubro,Vatapa,08/10/2024,20.00,14.00
0862-outubro,Bife Acebolado,13/10/2024,28.00,18.00
0863-outubro,Vatapa,21/10/2024,20.00,14.00
0864-outubro,Salmao Grelhado,29/10/2024,28.00,20.00
0865-outubro,Frango a Parmegiana,18/10/2024,17.00,10.00
0866-outubro,Risoto de Camarao,18/10/2024,30.00,17.00
0867-outubro,Moqueca de Peixe,18/10/2024,18.00,11.00
0868-outubro,Frango a Parmegiana,28/10/2024,17.00,10.00
0869-outubro,Frango a Parmegiana,24/10/2024,17.00,10.00
0870-outubro,Frango a Parmegiana,11/10/2024,17.00,10.00
0871-outubro,Frango a Parmegiana,09/10/2024,17.00,10.00
0872-outubro,Frango a Parmegiana,12/10/2024,17.00,10.00
0873-outubro,Frango a Parmegiana,02/10/2024,17.00,10.00
0874-outubro,Lasanha Bolonhesa,23/10/2024,21.00,13.00
0875-outubro,Pizza Margherita,18/10/2024,35.00,26.00
0876-outubro,Lasanha Bolonhesa,26/10/2024,21.00,13.00
0877-outubro,Bife Acebolado,10/10/2024,28.00,18.00
0878-outubro,Pizza Margherita,03/10/2024,35.00,26.00
0879-outubro,Moqueca de Peixe,31/10/2024,18.00,11.00
0880-outubro,Bife Acebolado,11/10/2024,28.00,18.00
0881-outubro,Salmao Grelhado,28/10/2024,28.00,20.00
0882-outubro,Vatapa,05/10/2024,20.00,14.00
0883-outubro,Pizza Margherita,03/10/2024,35.00,26.00
0884-outubro,Moqueca de Peixe,17/10/2024,18.00,11.00
0885-outubro,Vatapa,15/10/2024,20.00,14.00
0886-outubro,Risoto de Camarao,31/10/2024,30.00,17.00
0887-outubro,Pizza Margherita,27/10/2024,35.00,26.00
0888-outubro,Lasanha Bolonhesa,06/10/2024,21.00,13.00
0889-outubro,Strogonoff de Carne,17/10/2024,25.00,15.00
0890-outubro,Espaguete a Bolonhesa,19/10/2024,18.00,9.00
0891-outubro,Moqueca de Peixe,04/10/2024,18.00,11.00
0892-outubro,Bife Acebolado,27/10/2024,28.00,18.00
0893-outubro,Vatapa,04/10/2024,20.00,14.00
0894-outubro,Moqueca de Peixe,27/10/2024,18.00,11.00
0895-outubro,Strogonoff de Carne,08/10/2024,25.00,15.00
0896-outubro,Bife Acebolado,02/10/2024,28.00,18.00
0897-outubro,Bife Acebolado,24/10/2024,28.00,18.00
0898-outubro,Bife Acebolado,11/10/2024,28.00,18.00
0899-outubro,Frango a Parmegiana,01/10/2024,17.00,10.00
0900-outubro,Frango a Parmegiana,05/10/2024,17.00,10.00
0901-outubro,Strogonoff de Carne,17/10/2024,25.00,15.00
0902-outubro,Salmao Grelhado,10/10/2024,28.00,20.00
0903-outubro,Frango a Parmegiana,25/10/2024,17.00,10.00
0904-outubro,Pizza Margherita,21/10/2024,35.00,26.00
0905-outubro,Strogonoff de Carne,14/10/2024,25.00,15.00
0906-outubro,Bife Acebolado,15/10/2024,28.00,18.00
0907-outubro,Moqueca de Peixe,19/10/2024,18.00,11.00
0908-outubro,Risoto de Camarao,15/10/2024,30.00,17.00
0909-outubro,Pizza Margherita,31/10/2024,35.00,26.00
0910-outubro,Frango a Parmegiana,05/10/2024,17.00,10.00
0911-outubro,Lasanha Bolonhesa,02/10/2024,21.00,13.00
0912-outubro,Moqueca de Peixe,03/10/2024,18.00,11.00
0913-outubro,Espaguete a Bolonhesa,06/10/2024,18.00,9.00
0914-outubro,Vatapa,04/10/2024,20.00,14.00
0915-outubro,Frango a Parmegiana,12/10/2024,17.00,10.00
0916-outubro,Strogonoff de Carne,24/10/2024,25.00,15.00
0917-outubro,Vatapa,20/10/2024,20.00,14.00
0918-outubro,Espaguete a Bolonhesa,09/10/2024,18.00,9.00
0919-outubro,Vatapa,10/10/2024,20.00,14.00
0920-outubro,Strogonoff de Carne,02/10/2024,25.00,15.00
0921-outubro,Strogonoff de Carne,08/10/2024,25.00,15.00
0922-outubro,Bife Acebolado,31/10/2024,28.00,18.00
0923-outubro,Vatapa,20/10/2024,20.00,14.00
0924-outubro,Pizza Margherita,25/10/2024,35.00,26.00
0925-outubro,Salmao Grelhado,22/10/2024,28.00,20.00
0926-outubro,Espaguete a Bolonhesa,19/10/2024,18.00,9.00
0927-outubro,Lasanha Bolonhesa,10/10/2024,21.00,13.00
0928-outubro,Bife Acebolado,22/10/2024,28.00,18.00
0929-outubro,Lasanha Bolonhesa,02/10/2024,21.00,13.00
0930-outubro,Vatapa,08/10/2024,20.00,14.00
0931-outubro,Frango a Parmegiana,29/10/2024,17.00,10.00
0932-outubro,Frango a Parmegiana,03/10/2024,17.00,10.00
0933-outubro,Strogonoff de Carne,21/10/2024,25.00,15.00
0934-outubro,Strogonoff de Carne,30/10/2024,25.00,15.00
0935-outubro,Espaguete a Bolonhesa,07/10/2024,18.00,9.00
0936-outubro,Salmao Grelhado,20/10/2024,28.00,20.00
0937-outubro,Frango a Parmegiana,06/10/2024,17.00,10.00
0938-outubro,Frango a Parmegiana,03/10/2024,17.00,10.00
0939-outubro,Espaguete a Bolonhesa,08/10/2024,18.00,9.00
0940-outubro,Frango a Parmegiana,02/10/2024,17.00,10.00
0941-outubro,Risoto de Camarao,23/10/2024,30.00,17.00
0942-outubro,Espaguete a Bolonhesa,29/10/2024,18.00,9.00
0943-outubro,Moqueca de Peixe,21/10/2024,18.00,11.00
0944-outubro,Bife Acebolado,18/10/2024,28.00,18.00
0945-outubro,Bife Acebolado,02/10/2024,28.00,18.00
0946-outubro,Moqueca de Peixe,10/10/2024,18.00,11.00
0947-outubro,Frango a Parmegiana,04/10/2024,17.00,10.00
0948-outubro,Lasanha Bolonhesa,04/10/2024,21.00,13.00
0949-outubro,Bife Acebolado,31/10/2024,28.00,18.00
0950-outubro,Moqueca de Peixe,13/10/2024,18.00,11.00
0951-outubro,Salmao Grelhado,29/10/2024,28.00,20.00
0952-outubro,Bife Acebolado,17/10/2024,28.00,18.00
0953-outubro,Risoto de Camarao,19/10/2024,30.00,17.00
0954-outubro,Salmao Grelhado,07/10/2024,28.00,20.00
0955-outubro,Pizza Margherita,26/10/2024,35.00,26.00
0956-outubro,Vatapa,26/10/2024,20.00,14.00
0957-outubro,Vatapa,31/10/2024,20.00,14.00
0958-outubro,Vatapa,28/10/2024,20.00,14.00
0959-outubro,Espaguete a Bolonhesa,28/10/2024,18.00,9.00
0960-outubro,Espaguete a Bolonhesa,14/10/2024,18.00,9.00
0961-outubro,Bife Acebolado,27/10/2024,28.00,18.00
0962-outubro,Bife Acebolado,16/10/2024,28.00,18.00
0963-outubro,Strogonoff de Carne,06/10/2024,25.00,15.00
0964-outubro,Bife Acebolado,21/10/2024,28.00,18.00
0965-outubro,Moqueca de Peixe,24/10/2024,18.00,11.00
0966-outubro,Bife Acebolado,10/10/2024,28.00,18.00
0967-outubro,Risoto de Camarao,10/10/2024,30.00,17.00
0968-outubro,Risoto de Camarao,13/10/2024,30.00,17.00
0969-outubro,Risoto de Camarao,24/10/2024,30.00,17.00
0970-outubro,Pizza Margherita,06/10/2024,35.00,26.00
0971-outubro,Pizza Margherita,11/10/2024,35.00,26.00
0972-outubro,Espaguete a Bolonhesa,29/10/2024,18.00,9.00
0973-outubro,Pizza Margherita,23/10/2024,35.00,26.00
0974-outubro,Lasanha Bolonhesa,04/10/2024,21.00,13.00
0975-outubro,Vatapa,05/10/2024,20.00,14.00
0976-outubro,Lasanha Bolonhesa,11/10/2024,21.00,13.00
0977-outubro,Lasanha Bolonhesa,21/10/2024,21.00,13.00
0978-outubro,Moqueca de Peixe,15/10/2024,18.00,11.00
0979-outubro,Pizza Margherita,28/10/2024,35.00,26.00
0980-outubro,Strogonoff de Carne,17/10/2024,25.00,15.00
0981-outubro,Espaguete a Bolonhesa,07/10/2024,18.00,9.00
0982-outubro,Bife Acebolado,21/10/2024,28.00,18.00
0983-outubro,Espaguete a Bolonhesa,23/10/2024,18.00,9.00
0984-outubro,Espaguete a Bolonhesa,17/10/2024,18.00,9.00
0985-outubro,Salmao Grelhado,09/10/2024,28.00,20.00
0986-outubro,Frango a Parmegiana,08/10/2024,17.00,10.00
0987-outubro,Moqueca de Peixe,09/10/2024,18.00,11.00
0988-outubro,Vatapa,26/10/2024,20.00,14.00
0989-outubro,Moqueca de Peixe,16/10/2024,18.00,11.00
0990-outubro,Bife Acebolado,23/10/2024,28.00,18.00
0991-outubro,Espaguete a Bolonhesa,18/10/2024,18.00,9.00
0992-outubro,Strogonoff de Carne,12/10/2024,25.00,15.00
0993-outubro,Espaguete a Bolonhesa,18/10/2024,18.00,9.00
0994-outubro,Pizza Margherita,31/10/2024,35.00,26.00
0995-outubro,Salmao Grelhado,24/10/2024,28.00,20.00
0996-outubro,Risoto de Camarao,23/10/2024,30.00,17.00
0997-outubro,Vatapa,08/10/2024,20.00,14.00
0998-outubro,Moqueca de Peixe,18/10/2024,18.00,11.00
0999-outubro,Lasanha Bolonhesa,30/10/2024,21.00,13.00
1000-outubro,Espaguete a Bolonhesa,18/10/2024,18.00,9.00
1001-outubro,Risoto de Camarao,15/10/2024,30.00,17.00
1002-outubro,Strogonoff de Carne,12/10/2024,25.00,15.00
1003-outubro,Strogonoff de Carne,31/10/2024,25.00,15.00
1004-outubro,Espaguete a Bolonhesa,07/10/2024,18.00,9.00
1005-outubro,Frango a Parmegiana,07/10/2024,17.00,10.00
1006-outubro,Salmao Grelhado,13/10/2024,28.00,20.00
1007-outubro,Vatapa,30/10/2024,20.00,14.00
1008-outubro,Moqueca de Peixe,18/10/2024,18.00,11.00
1009-outubro,Salmao Grelhado,05/10/2024,28.00,20.00
1010-outubro,Espaguete a Bolonhesa,29/10/2024,18.00,9.00
1011-outubro,Frango a Parmegiana,21/10/2024,17.00,10.00
1012-outubro,Vatapa,29/10/2024,20.00,14.00
1013-outubro,Frango a Parmegiana,05/10/2024,17.00,10.00
1014-outubro,Espaguete a Bolonhesa,07/10/2024,18.00,9.00
1015-outubro,Bife Acebolado,30/10/2024,28.00,18.00
1016-outubro,Vatapa,24/10/2024,20.00,14.00
1017-outubro,Frango a Parmegiana,18/10/2024,17.00,10.00
1018-outubro,Risoto de Camarao,31/10/2024,30.00,17.00
1019-outubro,Moqueca de Peixe,17/10/2024,18.00,11.00
1020-outubro,Moqueca de Peixe,12/10/2024,18.00,11.00
1021-outubro,Risoto de Camarao,02/10/2024,30.00,17.00
1022-outubro,Moqueca de Peixe,05/10/2024,18.00,11.00
1023-outubro,Vatapa,07/10/2024,20.00,14.00
1024-outubro,Pizza Margherita,28/10/2024,35.00,26.00
1025-outubro,Frango a Parmegiana,02/10/2024,17.00,10.00
1026-outubro,Moqueca de Peixe,31/10/2024,18.00,11.00
1027-outubro,Risoto de Camarao,14/10/2024,30.00,17.00
1028-outubro,Pizza Margherita,11/10/2024,35.00,26.00
1029-outubro,Lasanha Bolonhesa,11/10/2024,21.00,13.00
1030-outubro,Moqueca de Peixe,02/10/2024,18.00,11.00
1031-outubro,Frango a Parmegiana,28/10/2024,17.00,10.00
1032-outubro,Risoto de Camarao,02/10/2024,30.00,17.00
1033-outubro,Bife Acebolado,13/10/2024,28.00,18.00
1034-outubro,Lasanha Bolonhesa,27/10/2024,21.00,13.00
1035-outubro,Salmao Grelhado,29/10/2024,28.00,20.00
1036-outubro,Lasanha Bolonhesa,30/10/2024,21.00,13.00
1037-outubro,Frango a Parmegiana,31/10/2024,17.00,10.00
1038-outubro,Strogonoff de Carne,11/10/2024,25.00,15.00
1039-outubro,Bife Acebolado,25/10/2024,28.00,18.00
1040-outubro,Salmao Grelhado,11/10/2024,28.00,20.00
1041-outubro,Frango a Parmegiana,15/10/2024,17.00,10.00
1042-outubro,Strogonoff de Carne,16/10/2024,25.00,15.00
1043-outubro,Vatapa,13/10/2024,20.00,14.00
1044-outubro,Espaguete a Bolonhesa,05/10/2024,18.00,9.00
1045-outubro,Lasanha Bolonhesa,30/10/2024,21.00,13.00
1046-outubro,Lasanha Bolonhesa,12/10/2024,21.00,13.00
1047-outubro,Vatapa,25/10/2024,20.00,14.00
1048-outubro,Frango a Parmegiana,22/10/2024,17.00,10.00
1049-outubro,Moqueca de Peixe,04/10/2024,18.00,11.00
1050-outubro,Moqueca de Peixe,23/10/2024,18.00,11.00
1051-outubro,Risoto de Camarao,11/10/2024,30.00,17.00
1052-outubro,Frango a Parmegiana,07/10/2024,17.00,10.00
1053-outubro,Pizza Margherita,02/10/2024,35.00,26.00
1054-outubro,Vatapa,04/10/2024,20.00,14.00
1055-outubro,Frango a Parmegiana,21/10/2024,17.00,10.00
1056-outubro,Moqueca de Peixe,22/10/2024,18.00,11.00
1057-outubro,Bife Acebolado,02/10/2024,28.00,18.00
1058-outubro,Risoto de Camarao,18/10/2024,30.00,17.00
1059-outubro,Moqueca de Peixe,17/10/2024,18.00,11.00
1060-outubro,Pizza Margherita,28/10/2024,35.00,26.00
1061-outubro,Vatapa,20/10/2024,20.00,14.00
1062-outubro,Strogonoff de Carne,07/10/2024,25.00,15.00
1063-outubro,Risoto de Camarao,30/10/2024,30.00,17.00
1064-outubro,Lasanha Bolonhesa,30/10/2024,21.00,13.00
1065-outubro,Pizza Margherita,17/10/2024,35.00,26.00
1066-outubro,Pizza Margherita,31/10/2024,35.00,26.00
1067-outubro,Moqueca de Peixe,17/10/2024,18.00,11.00
1068-outubro,Lasanha Bolonhesa,22/10/2024,21.00,13.00
1069-outubro,Frango a Parmegiana,17/10/2024,17.00,10.00
1070-outubro,Lasanha Bolonhesa,18/10/2024,21.00,13.00
1071-outubro,Strogonoff de Carne,05/10/2024,25.00,15.00
1072-outubro,Pizza Margherita,19/10/2024,35.00,26.00
1073-outubro,Vatapa,10/10/2024,20.00,14.00
1074-outubro,Salmao Grelhado,08/10/2024,28.00,20.00
1075-outubro,Strogonoff de Carne,15/10/2024,25.00,15.00
1076-outubro,Risoto de Camarao,17/10/2024,30.00,17.00
1077-outubro,Salmao Grelhado,31/10/2024,28.00,20.00
1078-outubro,Pizza Margherita,21/10/2024,35.00,26.00
1079-outubro,Espaguete a Bolonhesa,22/10/2024,18.00,9.00
1080-outubro,Espaguete a Bolonhesa,26/10/2024,18.00,9.00
1081-outubro,Espaguete a Bolonhesa,01/10/2024,18.00,9.00
1082-outubro,Lasanha Bolonhesa,23/10/2024,21.00,13.00
1083-outubro,Espaguete a Bolonhesa,10/10/2024,18.00,9.00
1084-outubro,Vatapa,23/10/2024,20.00,14.00
1085-outubro,Risoto de Camarao,31/10/2024,30.00,17.00
1086-outubro,Bife Acebolado,29/10/2024,28.00,18.00
1087-outubro,Pizza Margherita,28/10/2024,35.00,26.00
1088-outubro,Salmao Grelhado,19/10/2024,28.00,20.00
1089-outubro,Espaguete a Bolonhesa,18/10/2024,18.00,9.00
1090-outubro,Vatapa,03/10/2024,20.00,14.00
1091-outubro,Frango a Parmegiana,16/10/2024,17.00,10.00
1092-outubro,Frango a Parmegiana,16/10/2024,17.00,10.00
1093-outubro,Strogonoff de Carne,13/10/2024,25.00,15.00
1094-outubro,Moqueca de Peixe,23/10/2024,18.00,11.00
1095-outubro,Vatapa,16/10/2024,20.00,14.00
1096-outubro,Lasanha Bolonhesa,20/10/2024,21.00,13.00
1097-outubro,Risoto de Camarao,02/10/2024,30.00,17.00
1098-outubro,Pizza Margherita,17/10/2024,35.00,26.00
1099-outubro,Frango a Parmegiana,04/10/2024,17.00,10.00
1100-outubro,Pizza Margherita,05/10/2024,35.00,26.00
1101-outubro,Pizza Margherita,03/10/2024,35.00,26.00
1102-outubro,Moqueca de Peixe,05/10/2024,18.00,11.00
1103-outubro,Risoto de Camarao,15/10/2024,30.00,17.00
1104-outubro,Bife Acebolado,20/10/2024,28.00,18.00
1105-outubro,Bife Acebolado,26/10/2024,28.00,18.00
1106-outubro,Lasanha Bolonhesa,02/10/2024,21.00,13.00
1107-outubro,Espaguete a Bolonhesa,24/10/2024,18.00,9.00
1108-outubro,Espaguete a Bolonhesa,07/10/2024,18.00,9.00
1109-outubro,Vatapa,11/10/2024,20.00,14.00
1110-outubro,Vatapa,09/10/2024,20.00,14.00
1111-outubro,Bife Acebolado,16/10/2024,28.00,18.00
1112-outubro,Pizza Margherita,25/10/2024,35.00,26.00
1113-outubro,Strogonoff de Carne,31/10/2024,25.00,15.00
1114-outubro,Salmao Grelhado,13/10/2024,28.00,20.00
1115-outubro,Strogonoff de Carne,20/10/2024,25.00,15.00
1116-outubro,Lasanha Bolonhesa,31/10/2024,21.00,13.00
1117-outubro,Lasanha Bolonhesa,16/10/2024,21.00,13.00
1118-outubro,Espaguete a Bolonhesa,12/10/2024,18.00,9.00
1119-outubro,Espaguete a Bolonhesa,19/10/2024,18.00,9.00
1120-outubro,Strogonoff de Carne,12/10/2024,25.00,15.00
1121-outubro,Frango a Parmegiana,20/10/2024,17.00,10.00
1122-outubro,Lasanha Bolonhesa,31/10/2024,21.00,13.00
1123-outubro,Vatapa,09/10/2024,20.00,14.00
1124-outubro,Strogonoff de Carne,29/10/2024,25.00,15.00
1125-outubro,Bife Acebolado,31/10/2024,28.00,18.00
1126-outubro,Pizza Margherita,08/10/2024,35.00,26.00
1127-outubro,Moqueca de Peixe,07/10/2024,18.00,11.00
1128-outubro,Frango a Parmegiana,27/10/2024,17.00,10.00
1129-outubro,Pizza Margherita,17/10/2024,35.00,26.00
1130-outubro,Moqueca de Peixe,19/10/2024,18.00,11.00
1131-outubro,Bife Acebolado,28/10/2024,28.00,18.00
1132-outubro,Bife Acebolado,08/10/2024,28.00,18.00
1133-outubro,Lasanha Bolonhesa,24/10/2024,21.00,13.00
1134-outubro,Moqueca de Peixe,27/10/2024,18.00,11.00
1135-outubro,Moqueca de Peixe,09/10/2024,18.00,11.00
1136-outubro,Risoto de Camarao,12/10/2024,30.00,17.00
1137-outubro,Pizza Margherita,22/10/2024,35.00,26.00
1138-outubro,Espaguete a Bolonhesa,23/10/2024,18.00,9.00
1139-outubro,Frango a Parmegiana,24/10/2024,17.00,10.00
1140-outubro,Espaguete a Bolonhesa,31/10/2024,18.00,9.00
1141-outubro,Risoto de Camarao,12/10/2024,30.00,17.00
1142-outubro,Salmao Grelhado,05/10/2024,28.00,20.00
1143-outubro,Moqueca de Peixe,26/10/2024,18.00,11.00
1144-outubro,Pizza Margherita,11/10/2024,35.00,26.00
1145-outubro,Lasanha Bolonhesa,07/10/2024,21.00,13.00
1146-outubro,Salmao Grelhado,30/10/2024,28.00,20.00
1147-outubro,Salmao Grelhado,20/10/2024,28.00,20.00
1148-outubro,Lasanha Bolonhesa,26/10/2024,21.00,13.00
1149-outubro,Salmao Grelhado,12/10/2024,28.00,20.00
1150-outubro,Lasanha Bolonhesa,24/10/2024,21.00,13.00
1151-outubro,Lasanha Bolonhesa,06/10/2024,21.00,13.00
1152-outubro,Frango a Parmegiana,09/10/2024,17.00,10.00
1153-outubro,Lasanha Bolonhesa,20/10/2024,21.00,13.00
1154-outubro,Bife Acebolado,17/10/2024,28.00,18.00
1155-outubro,Risoto de Camarao,08/10/2024,30.00,17.00
1156-outubro,Moqueca de Peixe,02/10/2024,18.00,11.00
1157-outubro,Pizza Margherita,31/10/2024,35.00,26.00
1158-outubro,Moqueca de Peixe,03/10/2024,18.00,11.00
1159-outubro,Pizza Margherita,15/10/2024,35.00,26.00
1160-outubro,Bife Acebolado,01/10/2024,28.00,18.00
1161-outubro,Frango a Parmegiana,08/10/2024,17.00,10.00
1162-outubro,Pizza Margherita,14/10/2024,35.00,26.00
1163-outubro,Salmao Grelhado,15/10/2024,28.00,20.00
1164-outubro,Strogonoff de Carne,28/10/2024,25.00,15.00
1165-outubro,Frango a Parmegiana,25/10/2024,17.00,10.00
1166-outubro,Frango a Parmegiana,25/10/2024,17.00,10.00
1167-outubro,Salmao Grelhado,09/10/2024,28.00,20.00
1168-outubro,Salmao Grelhado,21/10/2024,28.00,20.00
1169-outubro,Bife Acebolado,29/10/2024,28.00,18.00
1170-outubro,Pizza Margherita,01/10/2024,35.00,26.00
1171-outubro,Risoto de Camarao,29/10/2024,30.00,17.00
1172-outubro,Salmao Grelhado,01/10/2024,28.00,20.00
1173-outubro,Bife Acebolado,27/10/2024,28.00,18.00
1174-outubro,Risoto de Camarao,13/10/2024,30.00,17.00
1175-outubro,Frango a Parmegiana,16/10/2024,17.00,10.00
1176-outubro,Pizza Margherita,22/10/2024,35.00,26.00
1177-outubro,Risoto de Camarao,09/10/2024,30.00,17.00
1178-outubro,Risoto de Camarao,23/10/2024,30.00,17.00
1179-outubro,Frango a Parmegiana,22/10/2024,17.00,10.00
1180-outubro,Vatapa,29/10/2024,20.00,14.00
1181-outubro,Strogonoff de Carne,12/10/2024,25.00,15.00
1182-outubro,Strogonoff de Carne,31/10/2024,25.00,15.00
1183-outubro,Salmao Grelhado,26/10/2024,28.00,20.00
1184-outubro,Strogonoff de Carne,25/10/2024,25.00,15.00
1185-outubro,Risoto de Camarao,05/10/2024,30.00,17.00
1186-outubro,Lasanha Bolonhesa,19/10/2024,21.00,13.00
1187-outubro,Vatapa,11/10/2024,20.00,14.00
1188-outubro,Salmao Grelhado,09/10/2024,28.00,20.00
1189-outubro,Risoto de Camarao,24/10/2024,30.00,17.00
1190-outubro,Espaguete a Bolonhesa,15/10/2024,18.00,9.00
1191-outubro,Pizza Margherita,05/10/2024,35.00,26.00
1192-outubro,Pizza Margherita,23/10/2024,35.00,26.00
1193-outubro,Risoto de Camarao,23/10/2024,30.00,17.00
1194-outubro,Salmao Grelhado,05/10/2024,28.00,20.00
1195-outubro,Moqueca de Peixe,04/10/2024,18.00,11.00
1196-outubro,Espaguete a Bolonhesa,21/10/2024,18.00,9.00
1197-outubro,Frango a Parmegiana,09/10/2024,17.00,10.00
1198-outubro,Moqueca de Peixe,19/10/2024,18.00,11.00
1199-outubro,Espaguete a Bolonhesa,21/10/2024,18.00,9.00
1200-outubro,Espaguete a Bolonhesa,30/10/2024,18.00,9.00
1201-outubro,Moqueca de Peixe,26/10/2024,18.00,11.00
1202-outubro,Strogonoff de Carne,10/10/2024,25.00,15.00
1203-outubro,Frango a Parmegiana,13/10/2024,17.00,10.00
1204-outubro,Risoto de Camarao,25/10/2024,30.00,17.00
1205-outubro,Pizza Margherita,05/10/2024,35.00,26.00
1206-outubro,Moqueca de Peixe,19/10/2024,18.00,11.00
1207-outubro,Espaguete a Bolonhesa,19/10/2024,18.00,9.00
1208-outubro,Pizza Margherita,31/10/2024,35.00,26.00
1209-outubro,Salmao Grelhado,16/10/2024,28.00,20.00
1210-outubro,Frango a Parmegiana,24/10/2024,17.00,10.00
1211-outubro,Frango a Parmegiana,13/10/2024,17.00,10.00
1212-outubro,Strogonoff de Carne,15/10/2024,25.00,15.00
1213-outubro,Strogonoff de Carne,08/10/2024,25.00,15.00
1214-outubro,Vatapa,07/10/2024,20.00,14.00
1215-outubro,Strogonoff de Carne,18/10/2024,25.00,15.00
1216-outubro,Pizza Margherita,12/10/2024,35.00,26.00
1217-outubro,Strogonoff de Carne,27/10/2024,25.00,15.00
1218-outubro,Bife Acebolado,16/10/2024,28.00,18.00
1219-outubro,Lasanha Bolonhesa,20/10/2024,21.00,13.00
1220-outubro,Moqueca de Peixe,11/10/2024,18.00,11.00
1221-outubro,Frango a Parmegiana,25/10/2024,17.00,10.00
1222-outubro,Lasanha Bolonhesa,01/10/2024,21.00,13.00
1223-outubro,Risoto de Camarao,22/10/2024,30.00,17.00
1224-outubro,Frango a Parmegiana,17/10/2024,17.00,10.00
1225-outubro,Strogonoff de Carne,11/10/2024,25.00,15.00
1226-outubro,Frango a Parmegiana,27/10/2024,17.00,10.00
1227-outubro,Frango a Parmegiana,27/10/2024,17.00,10.00
1228-outubro,Pizza Margherita,13/10/2024,35.00,26.00
1229-outubro,Bife Acebolado,11/10/2024,28.00,18.00
1230-outubro,Espaguete a Bolonhesa,16/10/2024,18.00,9.00
1231-outubro,Lasanha Bolonhesa,13/10/2024,21.00,13.00
1232-outubro,Espaguete a Bolonhesa,07/10/2024,18.00,9.00
1233-outubro,Bife Acebolado,31/10/2024,28.00,18.00
1234-outubro,Espaguete a Bolonhesa,03/10/2024,18.00,9.00
1235-outubro,Lasanha Bolonhesa,28/10/2024,21.00,13.00
1236-outubro,Bife Acebolado,12/10/2024,28.00,18.00
1237-outubro,Vatapa,31/10/2024,20.00,14.00
1238-outubro,Strogonoff de Carne,08/10/2024,25.00,15.00
1239-outubro,Bife Acebolado,22/10/2024,28.00,18.00
1240-outubro,Lasanha Bolonhesa,07/10/2024,21.00,13.00
1241-outubro,Risoto de Camarao,18/10/2024,30.00,17.00
1242-outubro,Salmao Grelhado,28/10/2024,28.00,20.00
1243-outubro,Salmao Grelhado,01/10/2024,28.00,20.00
1244-outubro,Pizza Margherita,26/10/2024,35.00,26.00
1245-outubro,Espaguete a Bolonhesa,25/10/2024,18.00,9.00
1246-outubro,Vatapa,18/10/2024,20.00,14.00
1247-outubro,Risoto de Camarao,05/10/2024,30.00,17.00
1248-outubro,Frango a Parmegiana,22/10/2024,17.00,10.00
1249-outubro,Strogonoff de Carne,31/10/2024,25.00,15.00
1250-outubro,Lasanha Bolonhesa,31/10/2024,21.00,13.00
1251-outubro,Salmao Grelhado,21/10/2024,28.00,20.00
1252-outubro,Frango a Parmegiana,22/10/2024,17.00,10.00
1253-outubro,Bife Acebolado,20/10/2024,28.00,18.00
1254-outubro,Espaguete a Bolonhesa,03/10/2024,18.00,9.00
1255-outubro,Risoto de Camarao,09/10/2024,30.00,17.00
1256-outubro,Moqueca de Peixe,23/10/2024,18.00,11.00
1257-outubro,Risoto de Camarao,12/10/2024,30.00,17.00
1258-outubro,Lasanha Bolonhesa,02/10/2024,21.00,13.00
1259-outubro,Moqueca de Peixe,04/10/2024,18.00,11.00
1260-outubro,Vatapa,28/10/2024,20.00,14.00
1261-outubro,Espaguete a Bolonhesa,20/10/2024,18.00,9.00
1262-outubro,Risoto de Camarao,03/10/2024,30.00,17.00
1263-outubro,Salmao Grelhado,20/10/2024,28.00,20.00
1264-outubro,Lasanha Bolonhesa,10/10/2024,21.00,13.00
1265-outubro,Espaguete a Bolonhesa,19/10/2024,18.00,9.00
1266-outubro,Espaguete a Bolonhesa,24/10/2024,18.00,9.00
1267-outubro,Lasanha Bolonhesa,07/10/2024,21.00,13.00
1268-outubro,Espaguete a Bolonhesa,23/10/2024,18.00,9.00
1269-outubro,Lasanha Bolonhesa,18/10/2024,21.00,13.00
1270-outubro,Strogonoff de Carne,24/10/2024,25.00,15.00
1271-outubro,Pizza Margherita,03/10/2024,35.00,26.00
1272-outubro,Pizza Margherita,06/10/2024,35.00,26.00
1273-outubro,Bife Acebolado,30/10/2024,28.00,18.00
1274-outubro,Strogonoff de Carne,26/10/2024,25.00,15.00
1275-outubro,Risoto de Camarao,18/10/2024,30.00,17.00
1276-outubro,Strogonoff de Carne,18/10/2024,25.00,15.00
1277-outubro,Strogonoff de Carne,19/10/2024,25.00,15.00
1278-outubro,Vatapa,12/10/2024,20.00,14.00
1279-outubro,Espaguete a Bolonhesa,13/10/2024,18.00,9.00
1280-outubro,Salmao Grelhado,15/10/2024,28.00,20.00
1281-outubro,Espaguete a Bolonhesa,09/10/2024,18.00,9.00
1282-outubro,Bife Acebolado,16/10/2024,28.00,18.00
1283-outubro,Risoto de Camarao,30/10/2024,30.00,17.00
1284-outubro,Pizza Margherita,16/10/2024,35.00,26.00
1285-outubro,Frango a Parmegiana,29/10/2024,17.00,10.00
1286-outubro,Lasanha Bolonhesa,07/10/2024,21.00,13.00
1287-outubro,Espaguete a Bolonhesa,22/10/2024,18.00,9.00
1288-outubro,Moqueca de Peixe,19/10/2024,18.00,11.00
1289-outubro,Frango a Parmegiana,23/10/2024,17.00,10.00
1290-outubro,Pizza Margherita,12/10/2024,35.00,26.00
1291-outubro,Risoto de Camarao,19/10/2024,30.00,17.00
1292-outubro,Lasanha Bolonhesa,31/10/2024,21.00,13.00
1293-outubro,Espaguete a Bolonhesa,01/10/2024,18.00,9.00
1294-outubro,Lasanha Bolonhesa,21/10/2024,21.00,13.00
1295-outubro,Pizza Margherita,22/10/2024,35.00,26.00
1296-outubro,Risoto de Camarao,31/10/2024,30.00,17.00
1297-outubro,Bife Acebolado,03/10/2024,28.00,18.00
1298-outubro,Risoto de Camarao,10/10/2024,30.00,17.00
1299-outubro,Espaguete a Bolonhesa,20/10/2024,18.00,9.00
1300-outubro,Salmao Grelhado,31/10/2024,28.00,20.00
1301-outubro,Frango a Parmegiana,14/10/2024,17.00,10.00
1302-outubro,Espaguete a Bolonhesa,04/10/2024,18.00,9.00
1303-outubro,Moqueca de Peixe,18/10/2024,18.00,11.00
1304-outubro,Bife Acebolado,30/10/2024,28.00,18.00
1305-outubro,Moqueca de Peixe,15/10/2024,18.00,11.00
1306-outubro,Lasanha Bolonhesa,30/10/2024,21.00,13.00
1307-outubro,Bife Acebolado,07/10/2024,28.00,18.00
1308-outubro,Frango a Parmegiana,23/10/2024,17.00,10.00
1309-outubro,Moqueca de Peixe,20/10/2024,18.00,11.00
1310-outubro,Pizza Margherita,19/10/2024,35.00,26.00
1311-outubro,Moqueca de Peixe,29/10/2024,18.00,11.00
1312-outubro,Pizza Margherita,18/10/2024,35.00,26.00
1313-outubro,Espaguete a Bolonhesa,15/10/2024,18.00,9.00
1314-outubro,Bife Acebolado,02/10/2024,28.00,18.00
1315-outubro,Risoto de Camarao,10/10/2024,30.00,17.00
1316-outubro,Pizza Margherita,02/10/2024,35.00,26.00
1317-outubro,Espaguete a Bolonhesa,16/10/2024,18.00,9.00
1318-outubro,Strogonoff de Carne,22/10/2024,25.00,15.00
1319-outubro,Vatapa,02/10/2024,20.00,14.00
1320-outubro,Risoto de Camarao,25/10/2024,30.00,17.00
1321-outubro,Lasanha Bolonhesa,21/10/2024,21.00,13.00
1322-outubro,Vatapa,27/10/2024,20.00,14.00
1323-outubro,Risoto de Camarao,07/10/2024,30.00,17.00
1324-outubro,Espaguete a Bolonhesa,17/10/2024,18.00,9.00
1325-outubro,Pizza Margherita,08/10/2024,35.00,26.00
1326-outubro,Pizza Margherita,10/10/2024,35.00,26.00
1327-outubro,Bife Acebolado,20/10/2024,28.00,18.00
1328-outubro,Pizza Margherita,21/10/2024,35.00,26.00
1329-outubro,Pizza Margherita,27/10/2024,35.00,26.00
1330-outubro,Vatapa,08/10/2024,20.00,14.00
1331-outubro,Pizza Margherita,08/10/2024,35.00,26.00
1332-outubro,Frango a Parmegiana,25/10/2024,17.00,10.00
1333-outubro,Risoto de Camarao,10/10/2024,30.00,17.00
1334-outubro,Strogonoff de Carne,31/10/2024,25.00,15.00
1335-outubro,Salmao Grelhado,29/10/2024,28.00,20.00
1336-outubro,Strogonoff de Carne,21/10/2024,25.00,15.00
1337-outubro,Lasanha Bolonhesa,25/10/2024,21.00,13.00
1338-outubro,Pizza Margherita,02/10/2024,35.00,26.00
1339-outubro,Espaguete a Bolonhesa,18/10/2024,18.00,9.00
1340-outubro,Moqueca de Peixe,08/10/2024,18.00,11.00
1341-outubro,Frango a Parmegiana,25/10/2024,17.00,10.00
1342-outubro,Risoto de Camarao,17/10/2024,30.00,17.00
1343-outubro,Strogonoff de Carne,26/10/2024,25.00,15.00
1344-outubro,Vatapa,03/10/2024,20.00,14.00
1345-outubro,Espaguete a Bolonhesa,22/10/2024,18.00,9.00
1346-outubro,Vatapa,29/10/2024,20.00,14.00
1347-outubro,Espaguete a Bolonhesa,28/10/2024,18.00,9.00
1348-outubro,Salmao Grelhado,14/10/2024,28.00,20.00
1349-outubro,Lasanha Bolonhesa,05/10/2024,21.00,13.00
1350-outubro,Salmao Grelhado,05/10/2024,28.00,20.00
1351-outubro,Salmao Grelhado,25/10/2024,28.00,20.00
1352-outubro,Vatapa,27/10/2024,20.00,14.00
1353-outubro,Moqueca de Peixe,04/10/2024,18.00,11.00
1354-outubro,Vatapa,06/10/2024,20.00,14.00
1355-outubro,Bife Acebolado,25/10/2024,28.00,18.00
1356-outubro,Vatapa,11/10/2024,20.00,14.00
1357-outubro,Risoto de Camarao,20/10/2024,30.00,17.00
1358-outubro,Moqueca de Peixe,24/10/2024,18.00,11.00
1359-outubro,Risoto de Camarao,18/10/2024,30.00,17.00
1360-outubro,Espaguete a Bolonhesa,25/10/2024,18.00,9.00
1361-outubro,Lasanha Bolonhesa,12/10/2024,21.00,13.00
1362-outubro,Moqueca de Peixe,23/10/2024,18.00,11.00
1363-outubro,Moqueca de Peixe,05/10/2024,18.00,11.00
1364-outubro,Vatapa,15/10/2024,20.00,14.00
1365-outubro,Espaguete a Bolonhesa,28/10/2024,18.00,9.00
1366-outubro,Moqueca de Peixe,26/10/2024,18.00,11.00
1367-outubro,Frango a Parmegiana,18/10/2024,17.00,10.00
1368-outubro,Salmao Grelhado,21/10/2024,28.00,20.00
1369-outubro,Vatapa,31/10/2024,20.00,14.00
1370-outubro,Vatapa,31/10/2024,20.00,14.00
1371-outubro,Vatapa,05/10/2024,20.00,14.00
1372-outubro,Salmao Grelhado,16/10/2024,28.00,20.00
1373-outubro,Risoto de Camarao,22/10/2024,30.00,17.00
1374-outubro,Pizza Margherita,13/10/2024,35.00,26.00
1375-outubro,Espaguete a Bolonhesa,13/10/2024,18.00,9.00
1376-outubro,Bife Acebolado,05/10/2024,28.00,18.00
1377-outubro,Espaguete a Bolonhesa,11/10/2024,18.00,9.00
1378-outubro,Salmao Grelhado,29/10/2024,28.00,20.00
1379-outubro,Moqueca de Peixe,01/10/2024,18.00,11.00
1380-outubro,Vatapa,14/10/2024,20.00,14.00
1381-outubro,Moqueca de Peixe,16/10/2024,18.00,11.00
1382-outubro,Espaguete a Bolonhesa,25/10/2024,18.00,9.00
1383-outubro,Lasanha Bolonhesa,08/10/2024,21.00,13.00
1384-outubro,Bife Acebolado,14/10/2024,28.00,18.00
1385-outubro,Frango a Parmegiana,13/10/2024,17.00,10.00
1386-outubro,Espaguete a Bolonhesa,14/10/2024,18.00,9.00
1387-outubro,Lasanha Bolonhesa,03/10/2024,21.00,13.00
1388-outubro,Vatapa,18/10/2024,20.00,14.00
1389-outubro,Moqueca de Peixe,16/10/2024,18.00,11.00
1390-outubro,Pizza Margherita,29/10/2024,35.00,26.00
1391-outubro,Lasanha Bolonhesa,29/10/2024,21.00,13.00
1392-outubro,Risoto de Camarao,17/10/2024,30.00,17.00
1393-outubro,Vatapa,06/10/2024,20.00,14.00
1394-outubro,Strogonoff de Carne,04/10/2024,25.00,15.00
1395-outubro,Espaguete a Bolonhesa,28/10/2024,18.00,9.00
1396-outubro,Strogonoff de Carne,19/10/2024,25.00,15.00
1397-outubro,Bife Acebolado,20/10/2024,28.00,18.00
1398-outubro,Vatapa,10/10/2024,20.00,14.00
1399-outubro,Pizza Margherita,15/10/2024,35.00,26.00
1400-outubro,Espaguete a Bolonhesa,22/10/2024,18.00,9.00
1401-outubro,Salmao Grelhado,28/10/2024,28.00,20.00
1402-outubro,Bife Acebolado,14/10/2024,28.00,18.00
1403-outubro,Bife Acebolado,14/10/2024,28.00,18.00
1404-outubro,Frango a Parmegiana,19/10/2024,17.00,10.00
1405-outubro,Risoto de Camarao,26/10/2024,30.00,17.00
1406-outubro,Frango a Parmegiana,29/10/2024,17.00,10.00
1407-outubro,Vatapa,04/10/2024,20.00,14.00
1408-outubro,Risoto de Camarao,16/10/2024,30.00,17.00
1409-outubro,Lasanha Bolonhesa,17/10/2024,21.00,13.00
1410-outubro,Salmao Grelhado,18/10/2024,28.00,20.00
1411-outubro,Lasanha Bolonhesa,24/10/2024,21.00,13.00
1412-outubro,Vatapa,18/10/2024,20.00,14.00
1413-outubro,Strogonoff de Carne,26/10/2024,25.00,15.00
1414-outubro,Bife Acebolado,10/10/2024,28.00,18.00
1415-outubro,Bife Acebolado,23/10/2024,28.00,18.00
1416-outubro,Pizza Margherita,13/10/2024,35.00,26.00
1417-outubro,Strogonoff de Carne,15/10/2024,25.00,15.00
1418-outubro,Frango a Parmegiana,28/10/2024,17.00,10.00
1419-outubro,Salmao Grelhado,11/10/2024,28.00,20.00
1420-outubro,Vatapa,23/10/2024,20.00,14.00
1421-outubro,Vatapa,02/10/2024,20.00,14.00
1422-outubro,Frango a Parmegiana,22/10/2024,17.00,10.00
1423-outubro,Lasanha Bolonhesa,07/10/2024,21.00,13.00
1424-outubro,Strogonoff de Carne,13/10/2024,25.00,15.00
1425-outubro,Pizza Margherita,26/10/2024,35.00,26.00
1426-outubro,Risoto de Camarao,15/10/2024,30.00,17.00
1427-outubro,Risoto de Camarao,06/10/2024,30.00,17.00
1428-outubro,Moqueca de Peixe,13/10/2024,18.00,11.00
1429-outubro,Risoto de Camarao,07/10/2024,30.00,17.00
1430-outubro,Moqueca de Peixe,23/10/2024,18.00,11.00
1431-outubro,Salmao Grelhado,07/10/2024,28.00,20.00
1432-outubro,Bife Acebolado,07/10/2024,28.00,18.00
1433-outubro,Moqueca de Peixe,13/10/2024,18.00,11.00
1434-outubro,Pizza Margherita,12/10/2024,35.00,26.00
1435-outubro,Strogonoff de Carne,15/10/2024,25.00,15.00
1436-outubro,Frango a Parmegiana,26/10/2024,17.00,10.00
1437-outubro,Vatapa,05/10/2024,20.00,14.00
1438-outubro,Bife Acebolado,05/10/2024,28.00,18.00
1439-outubro,Frango a Parmegiana,23/10/2024,17.00,10.00
1440-outubro,Espaguete a Bolonhesa,01/10/2024,18.00,9.00
1441-outubro,Moqueca de Peixe,02/10/2024,18.00,11.00
1442-outubro,Strogonoff de Carne,05/10/2024,25.00,15.00
1443-outubro,Strogonoff de Carne,29/10/2024,25.00,15.00
1444-outubro,Pizza Margherita,17/10/2024,35.00,26.00
1445-outubro,Espaguete a Bolonhesa,03/10/2024,18.00,9.00
1446-outubro,Risoto de Camarao,20/10/2024,30.00,17.00
1447-outubro,Espaguete a Bolonhesa,28/10/2024,18.00,9.00
1448-outubro,Vatapa,25/10/2024,20.00,14.00
1449-outubro,Moqueca de Peixe,05/10/2024,18.00,11.00
1450-outubro,Strogonoff de Carne,01/10/2024,25.00,15.00
1451-outubro,Pizza Margherita,03/10/2024,35.00,26.00
1452-outubro,Vatapa,30/10/2024,20.00,14.00
