pedido,prato,data,preco,lucro
0001-setembro,Strogonoff de Carne,01/10/2024,25.00,15.00
0002-setembro,Pizza Margherita,01/09/2024,35.00,26.00
0003-setembro,Bife Acebolado,22/09/2024,28.00,18.00
0004-setembro,Lasanha Bolonhesa,01/10/2024,21.00,13.00
0005-setembro,Lasanha Bolonhesa,05/09/2024,21.00,13.00
0006-setembro,Strogonoff de Carne,11/09/2024,25.00,15.00
0007-setembro,Risoto de Camarao,26/09/2024,30.00,17.00
0008-setembro,Strogonoff de Carne,14/09/2024,25.00,15.00
0009-setembro,Pizza Margherita,16/09/2024,35.00,26.00
0010-setembro,Moqueca de Peixe,29/09/2024,18.00,11.00
0011-setembro,Strogonoff de Carne,04/09/2024,25.00,15.00
0012-setembro,Frango a Parmegiana,12/09/2024,17.00,10.00
0013-setembro,Pizza Margherita,04/09/2024,35.00,26.00
0014-setembro,Bife Acebolado,13/09/2024,28.00,18.00
0015-setembro,Strogonoff de Carne,19/09/2024,25.00,15.00
0016-setembro,Risoto de Camarao,05/09/2024,30.00,17.00
0017-setembro,Lasanha Bolonhesa,06/09/2024,21.00,13.00
0018-setembro,Risoto de Camarao,17/09/2024,30.00,17.00
0019-setembro,Pizza Margherita,09/09/2024,35.00,26.00
0020-setembro,Frango a Parmegiana,10/09/2024,17.00,10.00
0021-setembro,Strogonoff de Carne,06/09/2024,25.00,15.00
0022-setembro,Lasanha Bolonhesa,13/09/2024,21.00,13.00
0023-setembro,Bife Acebolado,05/09/2024,28.00,18.00
0024-setembro,Salmao Grelhado,21/09/2024,28.00,20.00
0025-setembro,Strogonoff de Carne,30/09/2024,25.00,15.00
0026-setembro,Bife Acebolado,01/09/2024,28.00,18.00
0027-setembro,Lasanha Bolonhesa,22/09/2024,21.00,13.00
0028-setembro,Bife Acebolado,11/09/2024,28.00,18.00
0029-setembro,Bife Acebolado,02/09/2024,28.00,18.00
0030-setembro,Strogonoff de Carne,27/09/2024,25.00,15.00
0031-setembro,Espaguete a Bolonhesa,01/09/2024,18.00,9.00
0032-setembro,Bife Acebolado,21/09/2024,28.00,18.00
0033-setembro,Moqueca de Peixe,27/09/2024,18.00,11.00
0034-setembro,Espaguete a Bolonhesa,23/09/2024,18.00,9.00
0035-setembro,Salmao Grelhado,29/09/2024,28.00,20.00
0036-setembro,Espaguete a Bolonhesa,20/09/2024,18.00,9.00
0037-setembro,Frango a Parmegiana,18/09/2024,17.00,10.00
0038-setembro,Bife Acebolado,20/09/2024,28.00,18.00
0039-setembro,Pizza Margherita,10/09/2024,35.00,26.00
0040-setembro,Bife Acebolado,22/09/2024,28.00,18.00
0041-setembro,Lasanha Bolonhesa,03/09/2024,21.00,13.00
0042-setembro,Salmao Grelhado,14/09/2024,28.00,20.00
0043-setembro,Moqueca de Peixe,19/09/2024,18.00,11.00
0044-setembro,Bife Acebolado,30/09/2024,28.00,18.00
0045-setembro,Lasanha Bolonhesa,17/09/2024,21.00,13.00
0046-setembro,Lasanha Bolonhesa,28/09/2024,21.00,13.00
0047-setembro,Frango a Parmegiana,22/09/2024,17.00,10.00
0048-setembro,Lasanha Bolonhesa,26/09/2024,21.00,13.00
0049-setembro,Vatapa,13/09/2024,20.00,14.00
0050-setembro,Moqueca de Peixe,21/09/2024,18.00,11.00
0051-setembro,Pizza Margherita,03/09/2024,35.00,26.00
0052-setembro,Pizza Margherita,03/09/2024,35.00,26.00
0053-setembro,Lasanha Bolonhesa,19/09/2024,21.00,13.00
0054-setembro,Salmao Grelhado,11/09/2024,28.00,20.00
0055-setembro,Lasanha Bolonhesa,04/09/2024,21.00,13.00
0056-setembro,Pizza Margherita,20/09/2024,35.00,26.00
0057-setembro,Moqueca de Peixe,02/09/2024,18.00,11.00
0058-setembro,Pizza Margherita,01/09/2024,35.00,26.00
0059-setembro,Salmao Grelhado,11/09/2024,28.00,20.00
0060-setembro,Vatapa,13/09/2024,20.00,14.00
0061-setembro,Lasanha Bolonhesa,29/09/2024,21.00,13.00
0062-setembro,Bife Acebolado,19/09/2024,28.00,18.00
0063-setembro,Bife Acebolado,10/09/2024,28.00,18.00
0064-setembro,Frango a Parmegiana,01/09/2024,17.00,10.00
0065-setembro,Espaguete a Bolonhesa,30/09/2024,18.00,9.00
0066-setembro,Salmao Grelhado,12/09/2024,28.00,20.00
0067-setembro,Strogonoff de Carne,27/09/2024,25.00,15.00
0068-setembro,Vatapa,20/09/2024,20.00,14.00
0069-setembro,Espaguete a Bolonhesa,11/09/2024,18.00,9.00
0070-setembro,Bife Acebolado,02/09/2024,28.00,18.00
0071-setembro,Salmao Grelhado,01/09/2024,28.00,20.00
0072-setembro,Strogonoff de Carne,25/09/2024,25.00,15.00
0073-setembro,Salmao Grelhado,09/09/2024,28.00,20.00
0074-setembro,Salmao Grelhado,04/09/2024,28.00,20.00
0075-setembro,Strogonoff de Carne,26/09/2024,25.00,15.00
0076-setembro,Risoto de Camarao,09/09/2024,30.00,17.00
0077-setembro,Strogonoff de Carne,03/09/2024,25.00,15.00
0078-setembro,Pizza Margherita,20/09/2024,35.00,26.00
0079-setembro,Pizza Margherita,26/09/2024,35.00,26.00
0080-setembro,Vatapa,01/10/2024,20.00,14.00
0081-setembro,Pizza Margherita,22/09/2024,35.00,26.00
0082-setembro,Salmao Grelhado,29/09/2024,28.00,20.00
0083-setembro,Strogonoff de Carne,13/09/2024,25.00,15.00
0084-setembro,Moqueca de Peixe,15/09/2024,18.00,11.00
0085-setembro,Espaguete a Bolonhesa,01/10/2024,18.00,9.00
0086-setembro,Risoto de Camarao,26/09/2024,30.00,17.00
0087-setembro,Pizza Margherita,15/09/2024,35.00,26.00
0088-setembro,Vatapa,01/10/2024,20.00,14.00
0089-setembro,Moqueca de Peixe,30/09/2024,18.00,11.00
0090-setembro,Bife Acebolado,23/09/2024,28.00,18.00
0091-setembro,Moqueca de Peixe,14/09/2024,18.00,11.00
0092-setembro,Espaguete a Bolonhesa,09/09/2024,18.00,9.00
0093-setembro,Strogonoff de Carne,17/09/2024,25.00,15.00
0094-setembro,Strogonoff de Carne,19/09/2024,25.00,15.00
0095-setembro,Espaguete a Bolonhesa,05/09/2024,18.00,9.00
0096-setembro,Risoto de Camarao,11/09/2024,30.00,17.00
0097-setembro,Frango a Parmegiana,13/09/2024,17.00,10.00
0098-setembro,Moqueca de Peixe,19/09/2024,18.00,11.00
0099-setembro,Lasanha Bolonhesa,02/09/2024,21.00,13.00
0100-setembro,Risoto de Camarao,29/09/2024,30.00,17.00
0101-setembro,Pizza Margherita,03/09/2024,35.00,26.00
0102-setembro,Salmao Grelhado,17/09/2024,28.00,20.00
0103-setembro,Lasanha Bolonhesa,15/09/2024,21.00,13.00
0104-setembro,Pizza Margherita,17/09/2024,35.00,26.00
0105-setembro,Espaguete a Bolonhesa,06/09/2024,18.00,9.00
0106-setembro,Frango a Parmegiana,25/09/2024,17.00,10.00
0107-setembro,Frango a Parmegiana,22/09/2024,17.00,10.00
0108-setembro,Bife Acebolado,09/09/2024,28.00,18.00
0109-setembro,Moqueca de Peixe,01/09/2024,18.00,11.00
0110-setembro,Pizza Margherita,29/09/2024,35.00,26.00
0111-setembro,Vatapa,14/09/2024,20.00,14.00
0112-setembro,Frango a Parmegiana,08/09/2024,17.00,10.00
0113-setembro,Vatapa,24/09/2024,20.00,14.00
0114-setembro,Pizza Margherita,28/09/2024,35.00,26.00
0115-setembro,Salmao Grelhado,30/09/2024,28.00,20.00
0116-setembro,Espaguete a Bolonhesa,17/09/2024,18.00,9.00
0117-setembro,Bife Acebolado,07/09/2024,28.00,18.00
0118-setembro,Bife Acebolado,25/09/2024,28.00,18.00
0119-setembro,Bife Acebolado,01/10/2024,28.00,18.00
0120-setembro,Espaguete a Bolonhesa,29/09/2024,18.00,9.00
0121-setembro,Pizza Margherita,22/09/2024,35.00,26.00
0122-setembro,Frango a Parmegiana,11/09/2024,17.00,10.00
0123-setembro,Pizza Margherita,04/09/2024,35.00,26.00
0124-setembro,Moqueca de Peixe,02/09/2024,18.00,11.00
0125-setembro,Strogonoff de Carne,06/09/2024,25.00,15.00
0126-setembro,Frango a Parmegiana,26/09/2024,17.00,10.00
0127-setembro,Strogonoff de Carne,10/09/2024,25.00,15.00
0128-setembro,Strogonoff de Carne,20/09/2024,25.00,15.00
0129-setembro,Strogonoff de Carne,08/09/2024,25.00,15.00
0130-setembro,Espaguete a Bolonhesa,17/09/2024,18.00,9.00
0131-setembro,Bife Acebolado,30/09/2024,28.00,18.00
0132-setembro,Espaguete a Bolonhesa,29/09/2024,18.00,9.00
0133-setembro,Strogonoff de Carne,25/09/2024,25.00,15.00
0134-setembro,Risoto de Camarao,17/09/2024,30.00,17.00
0135-setembro,Moqueca de Peixe,03/09/2024,18.00,11.00
0136-setembro,Strogonoff de Carne,26/09/2024,25.00,15.00
0137-setembro,Bife Acebolado,01/10/2024,28.00,18.00
0138-setembro,Bife Acebolado,04/09/2024,28.00,18.00
0139-setembro,Strogonoff de Carne,22/09/2024,25.00,15.00
0140-setembro,Lasanha Bolonhesa,19/09/2024,21.00,13.00
0141-setembro,Pizza Margherita,19/09/2024,35.00,26.00
0142-setembro,Strogonoff de Carne,19/09/2024,25.00,15.00
0143-setembro,Lasanha Bolonhesa,30/09/2024,21.00,13.00
0144-setembro,Bife Acebolado,01/10/2024,28.00,18.00
0145-setembro,Strogonoff de Carne,29/09/2024,25.00,15.00
0146-setembro,Salmao Grelhado,14/09/2024,28.00,20.00
0147-setembro,Frango a Parmegiana,11/09/2024,17.00,10.00
0148-setembro,Frango a Parmegiana,26/09/2024,17.00,10.00
0149-setembro,Moqueca de Peixe,20/09/2024,18.00,11.00
0150-setembro,Vatapa,10/09/2024,20.00,14.00
0151-setembro,Lasanha Bolonhesa,08/09/2024,21.00,13.00
0152-setembro,Lasanha Bolonhesa,09/09/2024,21.00,13.00
0153-setembro,Bife Acebolado,22/09/2024,28.00,18.00
0154-setembro,Lasanha Bolonhesa,09/09/2024,21.00,13.00
0155-setembro,Bife Acebolado,01/10/2024,28.00,18.00
0156-setembro,Espaguete a Bolonhesa,27/09/2024,18.00,9.00
0157-setembro,Strogonoff de Carne,16/09/2024,25.00,15.00
0158-setembro,Espaguete a Bolonhesa,05/09/2024,18.00,9.00
0159-setembro,Risoto de Camarao,17/09/2024,30.00,17.00
0160-setembro,Bife Acebolado,18/09/2024,28.00,18.00
0161-setembro,Pizza Margherita,29/09/2024,35.00,26.00
0162-setembro,Vatapa,01/09/2024,20.00,14.00
0163-setembro,Lasanha Bolonhesa,01/09/2024,21.00,13.00
0164-setembro,Lasanha Bolonhesa,11/09/2024,21.00,13.00
0165-setembro,Salmao Grelhado,01/10/2024,28.00,20.00
0166-setembro,Frango a Parmegiana,30/09/2024,17.00,10.00
0167-setembro,Risoto de Camarao,01/09/2024,30.00,17.00
0168-setembro,Espaguete a Bolonhesa,03/09/2024,18.00,9.00
0169-setembro,Frango a Parmegiana,25/09/2024,17.00,10.00
0170-setembro,Pizza Margherita,09/09/2024,35.00,26.00
0171-setembro,Pizza Margherita,29/09/2024,35.00,26.00
0172-setembro,Salmao Grelhado,11/09/2024,28.00,20.00
0173-setembro,Strogonoff de Carne,25/09/2024,25.00,15.00
0174-setembro,Bife Acebolado,25/09/2024,28.00,18.00
0175-setembro,Frango a Parmegiana,04/09/2024,17.00,10.00
0176-setembro,Salmao Grelhado,19/09/2024,28.00,20.00
0177-setembro,Strogonoff de Carne,20/09/2024,25.00,15.00
0178-setembro,Risoto de Camarao,30/09/2024,30.00,17.00
0179-setembro,Risoto de Camarao,07/09/2024,30.00,17.00
0180-setembro,Pizza Margherita,29/09/2024,35.00,26.00
0181-setembro,Strogonoff de Carne,01/09/2024,25.00,15.00
0182-setembro,Salmao Grelhado,20/09/2024,28.00,20.00
0183-setembro,Salmao Grelhado,01/10/2024,28.00,20.00
0184-setembro,Pizza Margherita,20/09/2024,35.00,26.00
0185-setembro,Salmao Grelhado,14/09/2024,28.00,20.00
0186-setembro,Strogonoff de Carne,02/09/2024,25.00,15.00
0187-setembro,Risoto de Camarao,08/09/2024,30.00,17.00
0188-setembro,Pizza Margherita,20/09/2024,35.00,26.00
0189-setembro,Salmao Grelhado,16/09/2024,28.00,20.00
0190-setembro,Pizza Margherita,30/09/2024,35.00,26.00
0191-setembro,Espaguete a Bolonhesa,13/09/2024,18.00,9.00
0192-setembro,Pizza Margherita,15/09/2024,35.00,26.00
0193-setembro,Lasanha Bolonhesa,14/09/2024,21.00,13.00
0194-setembro,Frango a Parmegiana,05/09/2024,17.00,10.00
0195-setembro,Vatapa,27/09/2024,20.00,14.00
0196-setembro,Vatapa,26/09/2024,20.00,14.00
0197-setembro,Pizza Margherita,20/09/2024,35.00,26.00
0198-setembro,Bife Acebolado,19/09/2024,28.00,18.00
0199-setembro,Lasanha Bolonhesa,13/09/2024,21.00,13.00
0200-setembro,Frango a Parmegiana,11/09/2024,17.00,10.00
0201-setembro,Vatapa,25/09/2024,20.00,14.00
0202-setembro,Risoto de Camarao,26/09/2024,30.00,17.00
0203-setembro,Salmao Grelhado,02/09/2024,28.00,20.00
0204-setembro,Vatapa,20/09/2024,20.00,14.00
0205-setembro,Pizza Margherita,28/09/2024,35.00,26.00
0206-setembro,Frango a Parmegiana,15/09/2024,17.00,10.00
0207-setembro,Pizza Margherita,08/09/2024,35.00,26.00
0208-setembro,Espaguete a Bolonhesa,20/09/2024,18.00,9.00
0209-setembro,Espaguete a Bolonhesa,05/09/2024,18.00,9.00
0210-setembro,Moqueca de Peixe,24/09/2024,18.00,11.00
0211-setembro,Frango a Parmegiana,28/09/2024,17.00,10.00
0212-setembro,Espaguete a Bolonhesa,20/09/2024,18.00,9.00
0213-setembro,Risoto de Camarao,02/09/2024,30.00,17.00
0214-setembro,Frango a Parmegiana,30/09/2024,17.00,10.00
0215-setembro,Bife Acebolado,27/09/2024,28.00,18.00
0216-setembro,Lasanha Bolonhesa,19/09/2024,21.00,13.00
0217-setembro,Espaguete a Bolonhesa,30/09/2024,18.00,9.00
0218-setembro,Bife Acebolado,06/09/2024,28.00,18.00
0219-setembro,Salmao Grelhado,20/09/2024,28.00,20.00
0220-setembro,Bife Acebolado,30/09/2024,28.00,18.00
0221-setembro,Moqueca de Peixe,29/09/2024,18.00,11.00
0222-setembro,Pizza Margherita,07/09/2024,35.00,26.00
0223-setembro,Espaguete a Bolonhesa,10/09/2024,18.00,9.00
0224-setembro,Lasanha Bolonhesa,18/09/2024,21.00,13.00
0225-setembro,Lasanha Bolonhesa,21/09/2024,21.00,13.00
0226-setembro,Lasanha Bolonhesa,06/09/2024,21.00,13.00
0227-setembro,Salmao Grelhado,21/09/2024,28.00,20.00
0228-setembro,Espaguete a Bolonhesa,17/09/2024,18.00,9.00
0229-setembro,Lasanha Bolonhesa,06/09/2024,21.00,13.00
0230-setembro,Salmao Grelhado,27/09/2024,28.00,20.00
0231-setembro,Moqueca de Peixe,25/09/2024,18.00,11.00
0232-setembro,Strogonoff de Carne,01/10/2024,25.00,15.00
0233-setembro,Frango a Parmegiana,30/09/2024,17.00,10.00
0234-setembro,Lasanha Bolonhesa,17/09/2024,21.00,13.00
0235-setembro,Strogonoff de Carne,22/09/2024,25.00,15.00
0236-setembro,Strogonoff de Carne,04/09/2024,25.00,15.00
0237-setembro,Espaguete a Bolonhesa,05/09/2024,18.00,9.00
0238-setembro,Moqueca de Peixe,14/09/2024,18.00,11.00
0239-setembro,Salmao Grelhado,03/09/2024,28.00,20.00
0240-setembro,Frango a Parmegiana,27/09/2024,17.00,10.00
0241-setembro,Risoto de Camarao,09/09/2024,30.00,17.00
0242-setembro,Salmao Grelhado,09/09/2024,28.00,20.00
0243-setembro,Espaguete a Bolonhesa,02/09/2024,18.00,9.00
0244-setembro,Vatapa,14/09/2024,20.00,14.00
0245-setembro,Espaguete a Bolonhesa,01/09/2024,18.00,9.00
0246-setembro,Frango a Parmegiana,12/09/2024,17.00,10.00
0247-setembro,Espaguete a Bolonhesa,02/09/2024,18.00,9.00
0248-setembro,Espaguete a Bolonhesa,07/09/2024,18.00,9.00
0249-setembro,Lasanha Bolonhesa,08/09/2024,21.00,13.00
0250-setembro,Bife Acebolado,01/09/2024,28.00,18.00
0251-setembro,Moqueca de Peixe,08/09/2024,18.00,11.00
0252-setembro,Salmao Grelhado,18/09/2024,28.00,20.00
0253-setembro,Lasanha Bolonhesa,09/09/2024,21.00,13.00
0254-setembro,Pizza Margherita,16/09/2024,35.00,26.00
0255-setembro,Strogonoff de Carne,26/09/2024,25.00,15.00
0256-setembro,Vatapa,06/09/2024,20.00,14.00
0257-setembro,Frango a Parmegiana,11/09/2024,17.00,10.00
0258-setembro,Espaguete a Bolonhesa,29/09/2024,18.00,9.00
0259-setembro,Espaguete a Bolonhesa,11/09/2024,18.00,9.00
0260-setembro,Bife Acebolado,06/09/2024,28.00,18.00
0261-setembro,Espaguete a Bolonhesa,26/09/2024,18.00,9.00
0262-setembro,Salmao Grelhado,18/09/2024,28.00,20.00
0263-setembro,Lasanha Bolonhesa,05/09/2024,21.00,13.00
0264-setembro,Strogonoff de Carne,17/09/2024,25.00,15.00
0265-setembro,Vatapa,26/09/2024,20.00,14.00
0266-setembro,Pizza Margherita,13/09/2024,35.00,26.00
0267-setembro,Pizza Margherita,03/09/2024,35.00,26.00
0268-setembro,Salmao Grelhado,11/09/2024,28.00,20.00
0269-setembro,Strogonoff de Carne,30/09/2024,25.00,15.00
0270-setembro,Frango a Parmegiana,29/09/2024,17.00,10.00
0271-setembro,Vatapa,15/09/2024,20.00,14.00
0272-setembro,Bife Acebolado,05/09/2024,28.00,18.00
0273-setembro,Salmao Grelhado,29/09/2024,28.00,20.00
0274-setembro,Moqueca de Peixe,14/09/2024,18.00,11.00
0275-setembro,Espaguete a Bolonhesa,11/09/2024,18.00,9.00
0276-setembro,Vatapa,01/09/2024,20.00,14.00
0277-setembro,Espaguete a Bolonhesa,23/09/2024,18.00,9.00
0278-setembro,Salmao Grelhado,06/09/2024,28.00,20.00
0279-setembro,Strogonoff de Carne,25/09/2024,25.00,15.00
0280-setembro,Moqueca de Peixe,29/09/2024,18.00,11.00
0281-setembro,Salmao Grelhado,19/09/2024,28.00,20.00
0282-setembro,Moqueca de Peixe,11/09/2024,18.00,11.00
0283-setembro,Frango a Parmegiana,16/09/2024,17.00,10.00
0284-setembro,Espaguete a Bolonhesa,01/10/2024,18.00,9.00
0285-setembro,Vatapa,25/09/2024,20.00,14.00
0286-setembro,Pizza Margherita,21/09/2024,35.00,26.00
0287-setembro,Pizza Margherita,26/09/2024,35.00,26.00
0288-setembro,Lasanha Bolonhesa,26/09/2024,21.00,13.00
0289-setembro,Lasanha Bolonhesa,09/09/2024,21.00,13.00
0290-setembro,Lasanha Bolonhesa,14/09/2024,21.00,13.00
0291-setembro,Moqueca de Peixe,05/09/2024,18.00,11.00
0292-setembro,Moqueca de Peixe,30/09/2024,18.00,11.00
0293-setembro,Pizza Margherita,17/09/2024,35.00,26.00
0294-setembro,Risoto de Camarao,13/09/2024,30.00,17.00
0295-setembro,Risoto de Camarao,27/09/2024,30.00,17.00
0296-setembro,Strogonoff de Carne,16/09/2024,25.00,15.00
0297-setembro,Bife Acebolado,28/09/2024,28.00,18.00
0298-setembro,Moqueca de Peixe,30/09/2024,18.00,11.00
0299-setembro,Lasanha Bolonhesa,22/09/2024,21.00,13.00
0300-setembro,Strogonoff de Carne,10/09/2024,25.00,15.00
0301-setembro,Salmao Grelhado,27/09/2024,28.00,20.00
0302-setembro,Vatapa,26/09/2024,20.00,14.00
0303-setembro,Espaguete a Bolonhesa,27/09/2024,18.00,9.00
0304-setembro,Pizza Margherita,26/09/2024,35.00,26.00
0305-setembro,Vatapa,21/09/2024,20.00,14.00
0306-setembro,Salmao Grelhado,02/09/2024,28.00,20.00
0307-setembro,Salmao Grelhado,10/09/2024,28.00,20.00
0308-setembro,Moqueca de Peixe,06/09/2024,18.00,11.00
0309-setembro,Frango a Parmegiana,03/09/2024,17.00,10.00
0310-setembro,Risoto de Camarao,11/09/2024,30.00,17.00
0311-setembro,Frango a Parmegiana,17/09/2024,17.00,10.00
0312-setembro,Moqueca de Peixe,08/09/2024,18.00,11.00
0313-setembro,Frango a Parmegiana,20/09/2024,17.00,10.00
0314-setembro,Bife Acebolado,15/09/2024,28.00,18.00
0315-setembro,Bife Acebolado,28/09/2024,28.00,18.00
0316-setembro,Pizza Margherita,18/09/2024,35.00,26.00
0317-setembro,Pizza Margherita,23/09/2024,35.00,26.00
0318-setembro,Espaguete a Bolonhesa,02/09/2024,18.00,9.00
0319-setembro,Risoto de Camarao,20/09/2024,30.00,17.00
0320-setembro,Risoto de Camarao,16/09/2024,30.00,17.00
0321-setembro,Lasanha Bolonhesa,06/09/2024,21.00,13.00
0322-setembro,Lasanha Bolonhesa,25/09/2024,21.00,13.00
0323-setembro,Risoto de Camarao,12/09/2024,30.00,17.00
0324-setembro,Espaguete a Bolonhesa,24/09/2024,18.00,9.00
0325-setembro,Risoto de Camarao,10/09/2024,30.00,17.00
0326-setembro,Risoto de Camarao,03/09/2024,30.00,17.00
0327-setembro,Strogonoff de Carne,20/09/2024,25.00,15.00
0328-setembro,Strogonoff de Carne,22/09/2024,25.00,15.00
0329-setembro,Pizza Margherita,06/09/2024,35.00,26.00
0330-setembro,Vatapa,10/09/2024,20.00,14.00
0331-setembro,Pizza Margherita,21/09/2024,35.00,26.00
0332-setembro,Pizza Margherita,05/09/2024,35.00,26.00
0333-setembro,Frango a Parmegiana,21/09/2024,17.00,10.00
0334-setembro,Strogonoff de Carne,17/09/2024,25.00,15.00
0335-setembro,Espaguete a Bolonhesa,04/09/2024,18.00,9.00
0336-setembro,Vatapa,14/09/2024,20.00,14.00
0337-setembro,Espaguete a Bolonhesa,07/09/2024,18.00,9.00
0338-setembro,Bife Acebolado,22/09/2024,28.00,18.00
0339-setembro,Pizza Margherita,02/09/2024,35.00,26.00
0340-setembro,Lasanha Bolonhesa,18/09/2024,21.00,13.00
0341-setembro,Frango a Parmegiana,18/09/2024,17.00,10.00
0342-setembro,Moqueca de Peixe,09/09/2024,18.00,11.00
0343-setembro,Lasanha Bolonhesa,10/09/2024,21.00,13.00
0344-setembro,Strogonoff de Carne,06/09/2024,25.00,15.00
0345-setembro,Bife Acebolado,29/09/2024,28.00,18.00
0346-setembro,Pizza Margherita,01/10/2024,35.00,26.00
0347-setembro,Risoto de Camarao,07/09/2024,30.00,17.00
0348-setembro,Pizza Margherita,08/09/2024,35.00,26.00
0349-setembro,Bife Acebolado,22/09/2024,28.00,18.00
0350-setembro,Bife Acebolado,20/09/2024,28.00,18.00
0351-setembro,Frango a Parmegiana,13/09/2024,17.00,10.00
0352-setembro,Vatapa,01/10/2024,20.00,14.00
0353-setembro,Moqueca de Peixe,23/09/2024,18.00,11.00
0354-setembro,Strogonoff de Carne,17/09/2024,25.00,15.00
0355-setembro,Bife Acebolado,02/09/2024,28.00,18.00
0356-setembro,Salmao Grelhado,23/09/2024,28.00,20.00
0357-setembro,Moqueca de Peixe,18/09/2024,18.00,11.00
0358-setembro,Frango a Parmegiana,26/09/2024,17.00,10.00
0359-setembro,Risoto de Camarao,29/09/2024,30.00,17.00
0360-setembro,Salmao Grelhado,30/09/2024,28.00,20.00
0361-setembro,Espaguete a Bolonhesa,23/09/2024,18.00,9.00
0362-setembro,Lasanha Bolonhesa,18/09/2024,21.00,13.00
0363-setembro,Moqueca de Peixe,24/09/2024,18.00,11.00
0364-setembro,Salmao Grelhado,18/09/2024,28.00,20.00
0365-setembro,Pizza Margherita,28/09/2024,35.00,26.00
0366-setembro,Risoto de Camarao,09/09/2024,30.00,17.00
0367-setembro,Moqueca de Peixe,25/09/2024,18.00,11.00
0368-setembro,Lasanha Bolonhesa,24/09/2024,21.00,13.00
0369-setembro,Espaguete a Bolonhesa,03/09/2024,18.00,9.00
0370-setembro,Espaguete a Bolonhesa,20/09/2024,18.00,9.00
0371-setembro,Strogonoff de Carne,01/10/2024,25.00,15.00
0372-setembro,Risoto de Camarao,07/09/2024,30.00,17.00
0373-setembro,Lasanha Bolonhesa,20/09/2024,21.00,13.00
0374-setembro,Strogonoff de Carne,23/09/2024,25.00,15.00
0375-setembro,Strogonoff de Carne,01/10/2024,25.00,15.00
0376-setembro,Salmao Grelhado,28/09/2024,28.00,20.00
0377-setembro,Bife Acebolado,06/09/2024,28.00,18.00
0378-setembro,Risoto de Camarao,16/09/2024,30.00,17.00
0379-setembro,Salmao Grelhado,20/09/2024,28.00,20.00
0380-setembro,Moqueca de Peixe,01/09/2024,18.00,11.00
0381-setembro,Moqueca de Peixe,18/09/2024,18.00,11.00
0382-setembro,Risoto de Camarao,05/09/2024,30.00,17.00
0383-setembro,Salmao Grelhado,01/10/2024,28.00,20.00
0384-setembro,Risoto de Camarao,09/09/2024,30.00,17.00
0385-setembro,Lasanha Bolonhesa,06/09/2024,21.00,13.00
0386-setembro,Bife Acebolado,18/09/2024,28.00,18.00
0387-setembro,Frango a Parmegiana,05/09/2024,17.00,10.00
0388-setembro,Lasanha Bolonhesa,14/09/2024,21.00,13.00
0389-setembro,Risoto de Camarao,13/09/2024,30.00,17.00
0390-setembro,Frango a Parmegiana,08/09/2024,17.00,10.00
0391-setembro,Strogonoff de Carne,07/09/2024,25.00,15.00
0392-setembro,Bife Acebolado,17/09/2024,28.00,18.00
0393-setembro,Vatapa,09/09/2024,20.00,14.00
0394-setembro,Risoto de Camarao,02/09/2024,30.00,17.00
0395-setembro,Pizza Margherita,27/09/2024,35.00,26.00
0396-setembro,Strogonoff de Carne,20/09/2024,25.00,15.00
0397-setembro,Frango a Parmegiana,08/09/2024,17.00,10.00
0398-setembro,Espaguete a Bolonhesa,16/09/2024,18.00,9.00
0399-setembro,Salmao Grelhado,03/09/2024,28.00,20.00
0400-setembro,Bife Acebolado,23/09/2024,28.00,18.00
0401-setembro,Strogonoff de Carne,30/09/2024,25.00,15.00
0402-setembro,Strogonoff de Carne,21/09/2024,25.00,15.00
0403-setembro,Frango a Parmegiana,25/09/2024,17.00,10.00
0404-setembro,Pizza Margherita,01/10/2024,35.00,26.00
0405-setembro,Vatapa,16/09/2024,20.00,14.00
0406-setembro,Risoto de Camarao,13/09/2024,30.00,17.00
0407-setembro,Strogonoff de Carne,27/09/2024,25.00,15.00
0408-setembro,Salmao Grelhado,14/09/2024,28.00,20.00
0409-setembro,Risoto de Camarao,05/09/2024,30.00,17.00
0410-setembro,Moqueca de Peixe,18/09/2024,18.00,11.00
0411-setembro,Risoto de Camarao,19/09/2024,30.00,17.00
0412-setembro,Bife Acebolado,23/09/2024,28.00,18.00
0413-setembro,Strogonoff de Carne,24/09/2024,25.00,15.00
0414-setembro,Frango a Parmegiana,29/09/2024,17.00,10.00
0415-setembro,Vatapa,06/09/2024,20.00,14.00
0416-setembro,Salmao Grelhado,25/09/2024,28.00,20.00
0417-setembro,Pizza Margherita,29/09/2024,35.00,26.00
0418-setembro,Frango a Parmegiana,02/09/2024,17.00,10.00
0419-setembro,Lasanha Bolonhesa,07/09/2024,21.00,13.00
0420-setembro,Pizza Margherita,02/09/2024,35.00,26.00
0421-setembro,Pizza Margherita,16/09/2024,35.00,26.00
0422-setembro,Bife Acebolado,22/09/2024,28.00,18.00
0423-setembro,Pizza Margherita,12/09/2024,35.00,26.00
0424-setembro,Frango a Parmegiana,07/09/2024,17.00,10.00
0425-setembro,Risoto de Camarao,09/09/2024,30.00,17.00
0426-setembro,Salmao Grelhado,10/09/2024,28.00,20.00
0427-setembro,Moqueca de Peixe,14/09/2024,18.00,11.00
0428-setembro,Moqueca de Peixe,30/09/2024,18.00,11.00
0429-setembro,Espaguete a Bolonhesa,12/09/2024,18.00,9.00
0430-setembro,Pizza Margherita,11/09/2024,35.00,26.00
0431-setembro,Frango a Parmegiana,18/09/2024,17.00,10.00
0432-setembro,Pizza Margherita,18/09/2024,35.00,26.00
0433-setembro,Strogonoff de Carne,15/09/2024,25.00,15.00
0434-setembro,Moqueca de Peixe,20/09/2024,18.00,11.00
0435-setembro,Lasanha Bolonhesa,02/09/2024,21.00,13.00
0436-setembro,Moqueca de Peixe,07/09/2024,18.00,11.00
0437-setembro,Lasanha Bolonhesa,17/09/2024,21.00,13.00
0438-setembro,Bife Acebolado,11/09/2024,28.00,18.00
0439-setembro,Risoto de Camarao,04/09/2024,30.00,17.00
0440-setembro,Bife Acebolado,21/09/2024,28.00,18.00
0441-setembro,Vatapa,01/10/2024,20.00,14.00
0442-setembro,Salmao Grelhado,13/09/2024,28.00,20.00
0443-setembro,Moqueca de Peixe,28/09/2024,18.00,11.00
0444-setembro,Salmao Grelhado,18/09/2024,28.00,20.00
0445-setembro,Strogonoff de Carne,27/09/2024,25.00,15.00
0446-setembro,Frango a Parmegiana,13/09/2024,17.00,10.00
0447-setembro,Vatapa,07/09/2024,20.00,14.00
0448-setembro,Vatapa,02/09/2024,20.00,14.00
0449-setembro,Risoto de Camarao,08/09/2024,30.00,17.00
0450-setembro,Frango a Parmegiana,30/09/2024,17.00,10.00
0451-setembro,Pizza Margherita,18/09/2024,35.00,26.00
0452-setembro,Moqueca de Peixe,11/09/2024,18.00,11.00
0453-setembro,Pizza Margherita,13/09/2024,35.00,26.00
0454-setembro,Salmao Grelhado,01/09/2024,28.00,20.00
0455-setembro,Espaguete a Bolonhesa,17/09/2024,18.00,9.00
0456-setembro,Vatapa,26/09/2024,20.00,14.00
0457-setembro,Espaguete a Bolonhesa,29/09/2024,18.00,9.00
0458-setembro,Moqueca de Peixe,03/09/2024,18.00,11.00
0459-setembro,Espaguete a Bolonhesa,18/09/2024,18.00,9.00
0460-setembro,Lasanha Bolonhesa,12/09/2024,21.00,13.00
0461-setembro,Pizza Margherita,28/09/2024,35.00,26.00
0462-setembro,Risoto de Camarao,22/09/2024,30.00,17.00
0463-setembro,Vatapa,21/09/2024,20.00,14.00
0464-setembro,Frango a Parmegiana,05/09/2024,17.00,10.00
0465-setembro,Lasanha Bolonhesa,24/09/2024,21.00,13.00
0466-setembro,Strogonoff de Carne,21/09/2024,25.00,15.00
0467-setembro,Moqueca de Peixe,13/09/2024,18.00,11.00
0468-setembro,Lasanha Bolonhesa,20/09/2024,21.00,13.00
0469-setembro,Moqueca de Peixe,23/09/2024,18.00,11.00
0470-setembro,Lasanha Bolonhesa,25/09/2024,21.00,13.00
0471-setembro,Moqueca de Peixe,25/09/2024,18.00,11.00
0472-setembro,Risoto de Camarao,29/09/2024,30.00,17.00
0473-setembro,Bife Acebolado,26/09/2024,28.00,18.00
0474-setembro,Salmao Grelhado,07/09/2024,28.00,20.00
0475-setembro,Espaguete a Bolonhesa,29/09/2024,18.00,9.00
0476-setembro,Salmao Grelhado,02/09/2024,28.00,20.00
0477-setembro,Bife Acebolado,30/09/2024,28.00,18.00
0478-setembro,Lasanha Bolonhesa,30/09/2024,21.00,13.00
0479-setembro,Risoto de Camarao,13/09/2024,30.00,17.00
0480-setembro,Lasanha Bolonhesa,17/09/2024,21.00,13.00
0481-setembro,Frango a Parmegiana,18/09/2024,17.00,10.00
0482-setembro,Bife Acebolado,19/09/2024,28.00,18.00
0483-setembro,Risoto de Camarao,23/09/2024,30.00,17.00
0484-setembro,Moqueca de Peixe,01/10/2024,18.00,11.00
0485-setembro,Moqueca de Peixe,01/09/2024,18.00,11.00
0486-setembro,Lasanha Bolonhesa,13/09/2024,21.00,13.00
0487-setembro,Frango a Parmegiana,11/09/2024,17.00,10.00
0488-setembro,Lasanha Bolonhesa,02/09/2024,21.00,13.00
0489-setembro,Frango a Parmegiana,14/09/2024,17.00,10.00
0490-setembro,Vatapa,27/09/2024,20.00,14.00
0491-setembro,Moqueca de Peixe,01/09/2024,18.00,11.00
0492-setembro,Pizza Margherita,26/09/2024,35.00,26.00
0493-setembro,Vatapa,10/09/2024,20.00,14.00
0494-setembro,Moqueca de Peixe,01/10/2024,18.00,11.00
0495-setembro,Espaguete a Bolonhesa,22/09/2024,18.00,9.00
0496-setembro,Risoto de Camarao,29/09/2024,30.00,17.00
0497-setembro,Moqueca de Peixe,10/09/2024,18.00,11.00
0498-setembro,Pizza Margherita,12/09/2024,35.00,26.00
0499-setembro,Vatapa,02/09/2024,20.00,14.00
0500-setembro,Strogonoff de Carne,02/09/2024,25.00,15.00
0501-setembro,Moqueca de Peixe,21/09/2024,18.00,11.00
0502-setembro,Vatapa,30/09/2024,20.00,14.00
0503-setembro,Espaguete a Bolonhesa,24/09/2024,18.00,9.00
0504-setembro,Vatapa,05/09/2024,20.00,14.00
0505-setembro,Moqueca de Peixe,27/09/2024,18.00,11.00
0506-setembro,Lasanha Bolonhesa,01/09/2024,21.00,13.00
0507-setembro,Strogonoff de Carne,02/09/2024,25.00,15.00
0508-setembro,Strogonoff de Carne,24/09/2024,25.00,15.00
0509-setembro,Risoto de Camarao,15/09/2024,30.00,17.00
0510-setembro,Bife Acebolado,24/09/2024,28.00,18.00
0511-setembro,Bife Acebolado,09/09/2024,28.00,18.00
0512-setembro,Vatapa,05/09/2024,20.00,14.00
0513-setembro,Risoto de Camarao,23/09/2024,30.00,17.00
0514-setembro,Salmao Grelhado,03/09/2024,28.00,20.00
0515-setembro,Moqueca de Peixe,27/09/2024,18.00,11.00
0516-setembro,Vatapa,14/09/2024,20.00,14.00
0517-setembro,Salmao Grelhado,02/09/2024,28.00,20.00
0518-setembro,Frango a Parmegiana,01/10/2024,17.00,10.00
0519-setembro,Vatapa,19/09/2024,20.00,14.00
0520-setembro,Bife Acebolado,15/09/2024,28.00,18.00
0521-setembro,Moqueca de Peixe,24/09/2024,18.00,11.00
0522-setembro,Pizza Margherita,28/09/2024,35.00,26.00
0523-setembro,Lasanha Bolonhesa,19/09/2024,21.00,13.00
0524-setembro,Vatapa,11/09/2024,20.00,14.00
0525-setembro,Salmao Grelhado,01/09/2024,28.00,20.00
0526-setembro,Vatapa,20/09/2024,20.00,14.00
0527-setembro,Pizza Margherita,01/10/2024,35.00,26.00
0528-setembro,Pizza Margherita,06/09/2024,35.00,26.00
0529-setembro,Lasanha Bolonhesa,08/09/2024,21.00,13.00
0530-setembro,Risoto de Camarao,11/09/2024,30.00,17.00
0531-setembro,Strogonoff de Carne,02/09/2024,25.00,15.00
0532-setembro,Frango a Parmegiana,11/09/2024,17.00,10.00
0533-setembro,Pizza Margherita,06/09/2024,35.00,26.00
0534-setembro,Pizza Margherita,26/09/2024,35.00,26.00
0535-setembro,Moqueca de Peixe,15/09/2024,18.00,11.00
0536-setembro,Moqueca de Peixe,19/09/2024,18.00,11.00
0537-setembro,Pizza Margherita,18/09/2024,35.00,26.00
0538-setembro,Salmao Grelhado,04/09/2024,28.00,20.00
0539-setembro,Espaguete a Bolonhesa,22/09/2024,18.00,9.00
0540-setembro,Espaguete a Bolonhesa,01/09/2024,18.00,9.00
0541-setembro,Frango a Parmegiana,18/09/2024,17.00,10.00
0542-setembro,Pizza Margherita,10/09/2024,35.00,26.00
0543-setembro,Risoto de Camarao,18/09/2024,30.00,17.00
0544-setembro,Frango a Parmegiana,03/09/2024,17.00,10.00
0545-setembro,Strogonoff de Carne,02/09/2024,25.00,15.00
0546-setembro,Bife Acebolado,23/09/2024,28.00,18.00
0547-setembro,Strogonoff de Carne,24/09/2024,25.00,15.00
0548-setembro,Vatapa,14/09/2024,20.00,14.00
0549-setembro,Lasanha Bolonhesa,05/09/2024,21.00,13.00
0550-setembro,Bife Acebolado,24/09/2024,28.00,18.00
0551-setembro,Strogonoff de Carne,21/09/2024,25.00,15.00
0552-setembro,Moqueca de Peixe,05/09/2024,18.00,11.00
0553-setembro,Vatapa,16/09/2024,20.00,14.00
0554-setembro,Pizza Margherita,17/09/2024,35.00,26.00
0555-setembro,Espaguete a Bolonhesa,27/09/2024,18.00,9.00
0556-setembro,Espaguete a Bolonhesa,04/09/2024,18.00,9.00
0557-setembro,Bife Acebolado,20/09/2024,28.00,18.00
0558-setembro,Frango a Parmegiana,17/09/2024,17.00,10.00
0559-setembro,Frango a Parmegiana,02/09/2024,17.00,10.00
0560-setembro,Pizza Margherita,15/09/2024,35.00,26.00
0561-setembro,Bife Acebolado,19/09/2024,28.00,18.00
0562-setembro,Bife Acebolado,25/09/2024,28.00,18.00
0563-setembro,Salmao Grelhado,16/09/2024,28.00,20.00
0564-setembro,Lasanha Bolonhesa,15/09/2024,21.00,13.00
0565-setembro,Strogonoff de Carne,28/09/2024,25.00,15.00
0566-setembro,Salmao Grelhado,23/09/2024,28.00,20.00
0567-setembro,Frango a Parmegiana,15/09/2024,17.00,10.00
0568-setembro,Strogonoff de Carne,19/09/2024,25.00,15.00
0569-setembro,Vatapa,14/09/2024,20.00,14.00
0570-setembro,Vatapa,27/09/2024,20.00,14.00
0571-setembro,Frango a Parmegiana,27/09/2024,17.00,10.00
0572-setembro,Lasanha Bolonhesa,01/09/2024,21.00,13.00
0573-setembro,Moqueca de Peixe,14/09/2024,18.00,11.00
0574-setembro,Bife Acebolado,07/09/2024,28.00,18.00
0575-setembro,Moqueca de Peixe,29/09/2024,18.00,11.00
0576-setembro,Frango a Parmegiana,27/09/2024,17.00,10.00
0577-setembro,Frango a Parmegiana,18/09/2024,17.00,10.00
0578-setembro,Frango a Parmegiana,30/09/2024,17.00,10.00
0579-setembro,Pizza Margherita,10/09/2024,35.00,26.00
0580-setembro,Frango a Parmegiana,08/09/2024,17.00,10.00
0581-setembro,Risoto de Camarao,16/09/2024,30.00,17.00
0582-setembro,Moqueca de Peixe,09/09/2024,18.00,11.00
0583-setembro,Vatapa,05/09/2024,20.00,14.00
0584-setembro,Vatapa,09/09/2024,20.00,14.00
0585-setembro,Bife Acebolado,21/09/2024,28.00,18.00
0586-setembro,Strogonoff de Carne,13/09/2024,25.00,15.00
0587-setembro,Espaguete a Bolonhesa,04/09/2024,18.00,9.00
0588-setembro,Vatapa,13/09/2024,20.00,14.00
0589-setembro,Pizza Margherita,19/09/2024,35.00,26.00
0590-setembro,Vatapa,21/09/2024,20.00,14.00
0591-setembro,Risoto de Camarao,14/09/2024,30.00,17.00
0592-setembro,Strogonoff de Carne,06/09/2024,25.00,15.00
0593-setembro,Salmao Grelhado,28/09/2024,28.00,20.00
0594-setembro,Bife Acebolado,01/10/2024,28.00,18.00
0595-setembro,Espaguete a Bolonhesa,14/09/2024,18.00,9.00
0596-setembro,Pizza Margherita,25/09/2024,35.00,26.00
0597-setembro,Lasanha Bolonhesa,17/09/2024,21.00,13.00
0598-setembro,Moqueca de Peixe,18/09/2024,18.00,11.00
0599-setembro,Strogonoff de Carne,26/09/2024,25.00,15.00
0600-setembro,Pizza Margherita,17/09/2024,35.00,26.00
0601-setembro,Espaguete a Bolonhesa,18/09/2024,18.00,9.00
0602-setembro,Moqueca de Peixe,27/09/2024,18.00,11.00
0603-setembro,Pizza Margherita,28/09/2024,35.00,26.00
0604-setembro,Lasanha Bolonhesa,16/09/2024,21.00,13.00
0605-setembro,Moqueca de Peixe,25/09/2024,18.00,11.00
0606-setembro,Vatapa,26/09/2024,20.00,14.00
0607-setembro,Strogonoff de Carne,02/09/2024,25.00,15.00
0608-setembro,Salmao Grelhado,19/09/2024,28.00,20.00
0609-setembro,Pizza Margherita,23/09/2024,35.00,26.00
0610-setembro,Espaguete a Bolonhesa,16/09/2024,18.00,9.00
0611-setembro,Vatapa,28/09/2024,20.00,14.00
0612-setembro,Salmao Grelhado,10/09/2024,28.00,20.00
0613-setembro,Bife Acebolado,13/09/2024,28.00,18.00
0614-setembro,Strogonoff de Carne,08/09/2024,25.00,15.00
0615-setembro,Strogonoff de Carne,16/09/2024,25.00,15.00
0616-setembro,Strogonoff de Carne,24/09/2024,25.00,15.00
0617-setembro,Salmao Grelhado,12/09/2024,28.00,20.00
0618-setembro,Pizza Margherita,08/09/2024,35.00,26.00
0619-setembro,Risoto de Camarao,13/09/2024,30.00,17.00
0620-setembro,Espaguete a Bolonhesa,01/10/2024,18.00,9.00
0621-setembro,Strogonoff de Carne,18/09/2024,25.00,15.00
0622-setembro,Risoto de Camarao,02/09/2024,30.00,17.00
0623-setembro,Frango a Parmegiana,19/09/2024,17.00,10.00
0624-setembro,Bife Acebolado,03/09/2024,28.00,18.00
0625-setembro,Lasanha Bolonhesa,06/09/2024,21.00,13.00
0626-setembro,Lasanha Bolonhesa,20/09/2024,21.00,13.00
0627-setembro,Lasanha Bolonhesa,10/09/2024,21.00,13.00
0628-setembro,Vatapa,18/09/2024,20.00,14.00
0629-setembro,Vatapa,30/09/2024,20.00,14.00
0630-setembro,Pizza Margherita,16/09/2024,35.00,26.00
0631-setembro,Risoto de Camarao,18/09/2024,30.00,17.00
0632-setembro,Lasanha Bolonhesa,25/09/2024,21.00,13.00
0633-setembro,Bife Acebolado,30/09/2024,28.00,18.00
0634-setembro,Risoto de Camarao,17/09/2024,30.00,17.00
0635-setembro,Salmao Grelhado,14/09/2024,28.00,20.00
0636-setembro,Moqueca de Peixe,28/09/2024,18.00,11.00
0637-setembro,Risoto de Camarao,22/09/2024,30.00,17.00
0638-setembro,Lasanha Bolonhesa,14/09/2024,21.00,13.00
0639-setembro,Risoto de Camarao,26/09/2024,30.00,17.00
0640-setembro,Bife Acebolado,19/09/2024,28.00,18.00
0641-setembro,Moqueca de Peixe,24/09/2024,18.00,11.00
0642-setembro,Pizza Margherita,11/09/2024,35.00,26.00
0643-setembro,Salmao Grelhado,25/09/2024,28.00,20.00
0644-setembro,Risoto de Camarao,23/09/2024,30.00,17.00
0645-setembro,Vatapa,28/09/2024,20.00,14.00
0646-setembro,Moqueca de Peixe,08/09/2024,18.00,11.00
0647-setembro,Lasanha Bolonhesa,25/09/2024,21.00,13.00
0648-setembro,Bife Acebolado,03/09/2024,28.00,18.00
0649-setembro,Strogonoff de Carne,11/09/2024,25.00,15.00
0650-setembro,Strogonoff de Carne,15/09/2024,25.00,15.00
0651-setembro,Risoto de Camarao,13/09/2024,30.00,17.00
0652-setembro,Moqueca de Peixe,14/09/2024,18.00,11.00
0653-setembro,Pizza Margherita,17/09/2024,35.00,26.00
0654-setembro,Moqueca de Peixe,21/09/2024,18.00,11.00
0655-setembro,Espaguete a Bolonhesa,30/09/2024,18.00,9.00
0656-setembro,Bife Acebolado,21/09/2024,28.00,18.00
0657-setembro,Vatapa,03/09/2024,20.00,14.00
0658-setembro,Vatapa,08/09/2024,20.00,14.00
0659-setembro,Lasanha Bolonhesa,15/09/2024,21.00,13.00
0660-setembro,Pizza Margherita,01/10/2024,35.00,26.00
0661-setembro,Salmao Grelhado,18/09/2024,28.00,20.00
0662-setembro,Salmao Grelhado,07/09/2024,28.00,20.00
0663-setembro,Espaguete a Bolonhesa,04/09/2024,18.00,9.00
0664-setembro,Salmao Grelhado,11/09/2024,28.00,20.00
0665-setembro,Espaguete a Bolonhesa,23/09/2024,18.00,9.00
0666-setembro,Vatapa,07/09/2024,20.00,14.00
0667-setembro,Lasanha Bolonhesa,29/09/2024,21.00,13.00
0668-setembro,Risoto de Camarao,26/09/2024,30.00,17.00
0669-setembro,Vatapa,15/09/2024,20.00,14.00
0670-setembro,Lasanha Bolonhesa,16/09/2024,21.00,13.00
0671-setembro,Strogonoff de Carne,03/09/2024,25.00,15.00
0672-setembro,Espaguete a Bolonhesa,01/09/2024,18.00,9.00
0673-setembro,Vatapa,05/09/2024,20.00,14.00
0674-setembro,Risoto de Camarao,15/09/2024,30.00,17.00
0675-setembro,Vatapa,16/09/2024,20.00,14.00
0676-setembro,Espaguete a Bolonhesa,12/09/2024,18.00,9.00
0677-setembro,Risoto de Camarao,29/09/2024,30.00,17.00
0678-setembro,Frango a Parmegiana,04/09/2024,17.00,10.00
0679-setembro,Risoto de Camarao,18/09/2024,30.00,17.00
0680-setembro,Frango a Parmegiana,08/09/2024,17.00,10.00
0681-setembro,Frango a Parmegiana,22/09/2024,17.00,10.00
0682-setembro,Bife Acebolado,07/09/2024,28.00,18.00
0683-setembro,Frango a Parmegiana,20/09/2024,17.00,10.00
0684-setembro,Pizza Margherita,02/09/2024,35.00,26.00
0685-setembro,Moqueca de Peixe,22/09/2024,18.00,11.00
0686-setembro,Espaguete a Bolonhesa,06/09/2024,18.00,9.00
0687-setembro,Frango a Parmegiana,26/09/2024,17.00,10.00
0688-setembro,Pizza Margherita,29/09/2024,35.00,26.00
0689-setembro,Strogonoff de Carne,27/09/2024,25.00,15.00
0690-setembro,Vatapa,23/09/2024,20.00,14.00
0691-setembro,Strogonoff de Carne,01/09/2024,25.00,15.00
0692-setembro,Moqueca de Peixe,07/09/2024,18.00,11.00
0693-setembro,Pizza Margherita,17/09/2024,35.00,26.00
0694-setembro,Salmao Grelhado,09/09/2024,28.00,20.00
0695-setembro,Risoto de Camarao,09/09/2024,30.00,17.00
0696-setembro,Lasanha Bolonhesa,25/09/2024,21.00,13.00
0697-setembro,Moqueca de Peixe,01/10/2024,18.00,11.00
0698-setembro,Strogonoff de Carne,17/09/2024,25.00,15.00
0699-setembro,Lasanha Bolonhesa,01/10/2024,21.00,13.00
0700-setembro,Lasanha Bolonhesa,19/09/2024,21.00,13.00
0701-setembro,Strogonoff de Carne,20/09/2024,25.00,15.00
0702-setembro,Espaguete a Bolonhesa,09/09/2024,18.00,9.00
0703-setembro,Lasanha Bolonhesa,09/09/2024,21.00,13.00
0704-setembro,Salmao Grelhado,19/09/2024,28.00,20.00
0705-setembro,Frango a Parmegiana,19/09/2024,17.00,10.00
0706-setembro,Moqueca de Peixe,29/09/2024,18.00,11.00
0707-setembro,Espaguete a Bolonhesa,08/09/2024,18.00,9.00
0708-setembro,Frango a Parmegiana,26/09/2024,17.00,10.00
0709-setembro,Espaguete a Bolonhesa,03/09/2024,18.00,9.00
0710-setembro,Espaguete a Bolonhesa,18/09/2024,18.00,9.00
0711-setembro,Vatapa,01/10/2024,20.00,14.00
0712-setembro,Frango a Parmegiana,11/09/2024,17.00,10.00
0713-setembro,Frango a Parmegiana,12/09/2024,17.00,10.00
0714-setembro,Risoto de Camarao,07/09/2024,30.00,17.00
0715-setembro,Vatapa,28/09/2024,20.00,14.00
0716-setembro,Salmao Grelhado,25/09/2024,28.00,20.00
0717-setembro,Strogonoff de Carne,12/09/2024,25.00,15.00
0718-setembro,Vatapa,07/09/2024,20.00,14.00
0719-setembro,Vatapa,01/10/2024,20.00,14.00
0720-setembro,Bife Acebolado,30/09/2024,28.00,18.00
0721-setembro,Risoto de Camarao,01/09/2024,30.00,17.00
0722-setembro,Risoto de Camarao,13/09/2024,30.00,17.00
0723-setembro,Salmao Grelhado,09/09/2024,28.00,20.00
0724-setembro,Risoto de Camarao,03/09/2024,30.00,17.00
0725-setembro,Salmao Grelhado,23/09/2024,28.00,20.00
0726-setembro,Pizza Margherita,06/09/2024,35.00,26.00
0727-setembro,Bife Acebolado,07/09/2024,28.00,18.00
0728-setembro,Espaguete a Bolonhesa,06/09/2024,18.00,9.00
0729-setembro,Vatapa,26/09/2024,20.00,14.00
0730-setembro,Moqueca de Peixe,22/09/2024,18.00,11.00
0731-setembro,Frango a Parmegiana,14/09/2024,17.00,10.00
0732-setembro,Frango a Parmegiana,04/09/2024,17.00,10.00
0733-setembro,Espaguete a Bolonhesa,17/09/2024,18.00,9.00
0734-setembro,Risoto de Camarao,03/09/2024,30.00,17.00
0735-setembro,Strogonoff de Carne,18/09/2024,25.00,15.00
0736-setembro,Lasanha Bolonhesa,13/09/2024,21.00,13.00
0737-setembro,Frango a Parmegiana,19/09/2024,17.00,10.00
0738-setembro,Vatapa,23/09/2024,20.00,14.00
0739-setembro,Strogonoff de Carne,13/09/2024,25.00,15.00
0740-setembro,Salmao Grelhado,23/09/2024,28.00,20.00
0741-setembro,Risoto de Camarao,05/09/2024,30.00,17.00
0742-setembro,Vatapa,28/09/2024,20.00,14.00
0743-setembro,Strogonoff de Carne,06/09/2024,25.00,15.00
0744-setembro,Salmao Grelhado,18/09/2024,28.00,20.00
0745-setembro,Pizza Margherita,07/09/2024,35.00,26.00
0746-setembro,Espaguete a Bolonhesa,13/09/2024,18.00,9.00
0747-setembro,Risoto de Camarao,11/09/2024,30.00,17.00
0748-setembro,Espaguete a Bolonhesa,01/10/2024,18.00,9.00
0749-setembro,Lasanha Bolonhesa,16/09/2024,21.00,13.00
0750-setembro,Bife Acebolado,11/09/2024,28.00,18.00
0751-setembro,Moqueca de Peixe,30/09/2024,18.00,11.00
0752-setembro,Salmao Grelhado,26/09/2024,28.00,20.00
0753-setembro,Bife Acebolado,08/09/2024,28.00,18.00
0754-setembro,Lasanha Bolonhesa,08/09/2024,21.00,13.00
0755-setembro,Moqueca de Peixe,13/09/2024,18.00,11.00
0756-setembro,Risoto de Camarao,04/09/2024,30.00,17.00
0757-setembro,Frango a Parmegiana,21/09/2024,17.00,10.00
0758-setembro,Lasanha Bolonhesa,24/09/2024,21.00,13.00
0759-setembro,Espaguete a Bolonhesa,18/09/2024,18.00,9.00
0760-setembro,Vatapa,17/09/2024,20.00,14.00
0761-setembro,Frango a Parmegiana,24/09/2024,17.00,10.00
0762-setembro,Pizza Margherita,25/09/2024,35.00,26.00
0763-setembro,Espaguete a Bolonhesa,21/09/2024,18.00,9.00
0764-setembro,Salmao Grelhado,11/09/2024,28.00,20.00
0765-setembro,Frango a Parmegiana,25/09/2024,17.00,10.00
0766-setembro,Frango a Parmegiana,15/09/2024,17.00,10.00
0767-setembro,Lasanha Bolonhesa,18/09/2024,21.00,13.00
0768-setembro,Pizza Margherita,01/10/2024,35.00,26.00
0769-setembro,Pizza Margherita,01/10/2024,35.00,26.00
0770-setembro,Bife Acebolado,17/09/2024,28.00,18.00
0771-setembro,Frango a Parmegiana,25/09/2024,17.00,10.00
0772-setembro,Bife Acebolado,28/09/2024,28.00,18.00
0773-setembro,Frango a Parmegiana,23/09/2024,17.00,10.00
0774-setembro,Risoto de Camarao,06/09/2024,30.00,17.00
0775-setembro,Risoto de Camarao,07/09/2024,30.00,17.00
0776-setembro,Moqueca de Peixe,16/09/2024,18.00,11.00
0777-setembro,Espaguete a Bolonhesa,07/09/2024,18.00,9.00
0778-setembro,Moqueca de Peixe,13/09/2024,18.00,11.00
0779-setembro,Lasanha Bolonhesa,24/09/2024,21.00,13.00
0780-setembro,Espaguete a Bolonhesa,21/09/2024,18.00,9.00
0781-setembro,Frango a Parmegiana,27/09/2024,17.00,10.00
0782-setembro,Moqueca de Peixe,18/09/2024,18.00,11.00
0783-setembro,Espaguete a Bolonhesa,27/09/2024,18.00,9.00
0784-setembro,Lasanha Bolonhesa,12/09/2024,21.00,13.00
0785-setembro,Vatapa,05/09/2024,20.00,14.00
0786-setembro,Espaguete a Bolonhesa,20/09/2024,18.00,9.00
0787-setembro,Risoto de Camarao,28/09/2024,30.00,17.00
0788-setembro,Salmao Grelhado,04/09/2024,28.00,20.00
0789-setembro,Salmao Grelhado,20/09/2024,28.00,20.00
0790-setembro,Bife Acebolado,26/09/2024,28.00,18.00
0791-setembro,Risoto de Camarao,06/09/2024,30.00,17.00
0792-setembro,Bife Acebolado,11/09/2024,28.00,18.00
0793-setembro,Vatapa,08/09/2024,20.00,14.00
0794-setembro,Risoto de Camarao,15/09/2024,30.00,17.00
0795-setembro,Espaguete a Bolonhesa,05/09/2024,18.00,9.00
0796-setembro,Frango a Parmegiana,07/09/2024,17.00,10.00
0797-setembro,Lasanha Bolonhesa,21/09/2024,21.00,13.00
0798-setembro,Lasanha Bolonhesa,20/09/2024,21.00,13.00
0799-setembro,Salmao Grelhado,30/09/2024,28.00,20.00
0800-setembro,Salmao Grelhado,20/09/2024,28.00,20.00
0801-setembro,Salmao Grelhado,05/09/2024,28.00,20.00
0802-setembro,Moqueca de Peixe,08/09/2024,18.00,11.00
0803-setembro,Pizza Margherita,01/10/2024,35.00,26.00
0804-setembro,Bife Acebolado,07/09/2024,28.00,18.00
0805-setembro,Pizza Margherita,15/09/2024,35.00,26.00
0806-setembro,Vatapa,01/10/2024,20.00,14.00
0807-setembro,Frango a Parmegiana,21/09/2024,17.00,10.00
0808-setembro,Lasanha Bolonhesa,02/09/2024,21.00,13.00
0809-setembro,Salmao Grelhado,19/09/2024,28.00,20.00
0810-setembro,Pizza Margherita,12/09/2024,35.00,26.00
0811-setembro,Bife Acebolado,27/09/2024,28.00,18.00
0812-setembro,Espaguete a Bolonhesa,10/09/2024,18.00,9.00
0813-setembro,Moqueca de Peixe,08/09/2024,18.00,11.00
0814-setembro,Frango a Parmegiana,15/09/2024,17.00,10.00
0815-setembro,Moqueca de Peixe,12/09/2024,18.00,11.00
0816-setembro,Frango a Parmegiana,06/09/2024,17.00,10.00
0817-setembro,Vatapa,17/09/2024,20.00,14.00
0818-setembro,Salmao Grelhado,19/09/2024,28.00,20.00
0819-setembro,Salmao Grelhado,26/09/2024,28.00,20.00
0820-setembro,Lasanha Bolonhesa,19/09/2024,21.00,13.00
0821-setembro,Pizza Margherita,27/09/2024,35.00,26.00
0822-setembro,Risoto de Camarao,10/09/2024,30.00,17.00
0823-setembro,Vatapa,20/09/2024,20.00,14.00
0824-setembro,Espaguete a Bolonhesa,24/09/2024,18.00,9.00
0825-setembro,Lasanha Bolonhesa,24/09/2024,21.00,13.00
0826-setembro,Vatapa,17/09/2024,20.00,14.00
0827-setembro,Espaguete a Bolonhesa,19/09/2024,18.00,9.00
0828-setembro,Salmao Grelhado,20/09/2024,28.00,20.00
0829-setembro,Salmao Grelhado,27/09/2024,28.00,20.00
0830-setembro,Pizza Margherita,11/09/2024,35.00,26.00
0831-setembro,Frango a Parmegiana,22/09/2024,17.00,10.00
0832-setembro,Risoto de Camarao,22/09/2024,30.00,17.00
0833-setembro,Salmao Grelhado,06/09/2024,28.00,20.00
0834-setembro,Espaguete a Bolonhesa,24/09/2024,18.00,9.00
0835-setembro,Bife Acebolado,27/09/2024,28.00,18.00
0836-setembro,Pizza Margherita,24/09/2024,35.00,26.00
0837-setembro,Lasanha Bolonhesa,17/09/2024,21.00,13.00
0838-setembro,Strogonoff de Carne,10/09/2024,25.00,15.00
0839-setembro,Lasanha Bolonhesa,01/09/2024,21.00,13.00
0840-setembro,Vatapa,09/09/2024,20.00,14.00
0841-setembro,Risoto de Camarao,25/09/2024,30.00,17.00
0842-setembro,Salmao Grelhado,29/09/2024,28.00,20.00
0843-setembro,Pizza Margherita,09/09/2024,35.00,26.00
0844-setembro,Risoto de Camarao,06/09/2024,30.00,17.00
0845-setembro,Strogonoff de Carne,24/09/2024,25.00,15.00
0846-setembro,Bife Acebolado,14/09/2024,28.00,18.00
0847-setembro,Risoto de Camarao,28/09/2024,30.00,17.00
0848-setembro,Vatapa,21/09/2024,20.00,14.00
0849-setembro,Moqueca de Peixe,10/09/2024,18.00,11.00
0850-setembro,Pizza Margherita,09/09/2024,35.00,26.00
0851-setembro,Pizza Margherita,05/09/2024,35.00,26.00
0852-setembro,Pizza Margherita,08/09/2024,35.00,26.00
0853-setembro,Bife Acebolado,18/09/2024,28.00,18.00
0854-setembro,Strogonoff de Carne,04/09/2024,25.00,15.00
0855-setembro,Risoto de Camarao,30/09/2024,30.00,17.00
0856-setembro,Lasanha Bolonhesa,12/09/2024,21.00,13.00
0857-setembro,Vatapa,03/09/2024,20.00,14.00
0858-setembro,Risoto de Camarao,09/09/2024,30.00,17.00
0859-setembro,Salmao Grelhado,29/09/2024,28.00,20.00
0860-setembro,Pizza Margherita,02/09/2024,35.00,26.00
0861-setembro,Pizza Margherita,16/09/2024,35.00,26.00
0862-setembro,Salmao Grelhado,01/10/2024,28.00,20.00
0863-setembro,Lasanha Bolonhesa,20/09/2024,21.00,13.00
0864-setembro,Strogonoff de Carne,15/09/2024,25.00,15.00
0865-setembro,Moqueca de Peixe,28/09/2024,18.00,11.00
0866-setembro,Moqueca de Peixe,25/09/2024,18.00,11.00
0867-setembro,Moqueca de Peixe,27/09/2024,18.00,11.00
0868-setembro,Salmao Grelhado,21/09/2024,28.00,20.00
0869-setembro,Frango a Parmegiana,17/09/2024,17.00,10.00
0870-setembro,Lasanha Bolonhesa,10/09/2024,21.00,13.00
0871-setembro,Espaguete a Bolonhesa,25/09/2024,18.00,9.00
0872-setembro,Vatapa,22/09/2024,20.00,14.00
0873-setembro,Strogonoff de Carne,06/09/2024,25.00,15.00
0874-setembro,Moqueca de Peixe,05/09/2024,18.00,11.00
0875-setembro,Pizza Margherita,09/09/2024,35.00,26.00
0876-setembro,Lasanha Bolonhesa,19/09/2024,21.00,13.00
0877-setembro,Moqueca de Peixe,26/09/2024,18.00,11.00
0878-setembro,Risoto de Camarao,17/09/2024,30.00,17.00
0879-setembro,Risoto de Camarao,20/09/2024,30.00,17.00
0880-setembro,Salmao Grelhado,22/09/2024,28.00,20.00
0881-setembro,Salmao Grelhado,16/09/2024,28.00,20.00
0882-setembro,Bife Acebolado,14/09/2024,28.00,18.00
0883-setembro,Moqueca de Peixe,22/09/2024,18.00,11.00
0884-setembro,Moqueca de Peixe,26/09/2024,18.00,11.00
0885-setembro,Frango a Parmegiana,10/09/2024,17.00,10.00
0886-setembro,Frango a Parmegiana,01/09/2024,17.00,10.00
0887-setembro,Bife Acebolado,01/09/2024,28.00,18.00
0888-setembro,Risoto de Camarao,11/09/2024,30.00,17.00
0889-setembro,Risoto de Camarao,13/09/2024,30.00,17.00
0890-setembro,Strogonoff de Carne,28/09/2024,25.00,15.00
0891-setembro,Salmao Grelhado,20/09/2024,28.00,20.00
0892-setembro,Salmao Grelhado,29/09/2024,28.00,20.00
0893-setembro,Pizza Margherita,06/09/2024,35.00,26.00
0894-setembro,Lasanha Bolonhesa,23/09/2024,21.00,13.00
0895-setembro,Lasanha Bolonhesa,29/09/2024,21.00,13.00
0896-setembro,Risoto de Camarao,07/09/2024,30.00,17.00
0897-setembro,Pizza Margherita,14/09/2024,35.00,26.00
0898-setembro,Frango a Parmegiana,23/09/2024,17.00,10.00
0899-setembro,Bife Acebolado,30/09/2024,28.00,18.00
0900-setembro,Vatapa,07/09/2024,20.00,14.00
0901-setembro,Risoto de Camarao,20/09/2024,30.00,17.00
0902-setembro,Moqueca de Peixe,19/09/2024,18.00,11.00
0903-setembro,Bife Acebolado,11/09/2024,28.00,18.00
0904-setembro,Espaguete a Bolonhesa,17/09/2024,18.00,9.00
0905-setembro,Strogonoff de Carne,01/09/2024,25.00,15.00
0906-setembro,Lasanha Bolonhesa,05/09/2024,21.00,13.00
0907-setembro,Salmao Grelhado,12/09/2024,28.00,20.00
0908-setembro,Risoto de Camarao,28/09/2024,30.00,17.00
0909-setembro,Moqueca de Peixe,07/09/2024,18.00,11.00
0910-setembro,Salmao Grelhado,21/09/2024,28.00,20.00
0911-setembro,Espaguete a Bolonhesa,23/09/2024,18.00,9.00
0912-setembro,Frango a Parmegiana,26/09/2024,17.00,10.00
0913-setembro,Bife Acebolado,01/10/2024,28.00,18.00
0914-setembro,Frango a Parmegiana,04/09/2024,17.00,10.00
0915-setembro,Espaguete a Bolonhesa,16/09/2024,18.00,9.00
0916-setembro,Espaguete a Bolonhesa,02/09/2024,18.00,9.00
0917-setembro,Espaguete a Bolonhesa,15/09/2024,18.00,9.00
0918-setembro,Risoto de Camarao,30/09/2024,30.00,17.00
0919-setembro,Frango a Parmegiana,11/09/2024,17.00,10.00
0920-setembro,Bife Acebolado,07/09/2024,28.00,18.00
0921-setembro,Salmao Grelhado,19/09/2024,28.00,20.00
0922-setembro,Lasanha Bolonhesa,10/09/2024,21.00,13.00
0923-setembro,Risoto de Camarao,20/09/2024,30.00,17.00
0924-setembro,Risoto de Camarao,22/09/2024,30.00,17.00
0925-setembro,Bife Acebolado,17/09/2024,28.00,18.00
0926-setembro,Moqueca de Peixe,07/09/2024,18.00,11.00
0927-setembro,Vatapa,26/09/2024,20.00,14.00
0928-setembro,Frango a Parmegiana,01/09/2024,17.00,10.00
0929-setembro,Lasanha Bolonhesa,24/09/2024,21.00,13.00
0930-setembro,Vatapa,01/10/2024,20.00,14.00
0931-setembro,Salmao Grelhado,11/09/2024,28.00,20.00
0932-setembro,Vatapa,10/09/2024,20.00,14.00
0933-setembro,Bife Acebolado,24/09/2024,28.00,18.00
0934-setembro,Strogonoff de Carne,01/09/2024,25.00,15.00
0935-setembro,Frango a Parmegiana,19/09/2024,17.00,10.00
0936-setembro,Vatapa,13/09/2024,20.00,14.00
0937-setembro,Salmao Grelhado,22/09/2024,28.00,20.00
0938-setembro,Vatapa,18/09/2024,20.00,14.00
0939-setembro,Salmao Grelhado,18/09/2024,28.00,20.00
0940-setembro,Risoto de Camarao,06/09/2024,30.00,17.00
0941-setembro,Moqueca de Peixe,28/09/2024,18.00,11.00
0942-setembro,Pizza Margherita,19/09/2024,35.00,26.00
0943-setembro,Bife Acebolado,26/09/2024,28.00,18.00
0944-setembro,Strogonoff de Carne,07/09/2024,25.00,15.00
0945-setembro,Strogonoff de Carne,08/09/2024,25.00,15.00
0946-setembro,Moqueca de Peixe,27/09/2024,18.00,11.00
0947-setembro,Strogonoff de Carne,09/09/2024,25.00,15.00
0948-setembro,Lasanha Bolonhesa,07/09/2024,21.00,13.00
0949-setembro,Frango a Parmegiana,10/09/2024,17.00,10.00
0950-setembro,Bife Acebolado,03/09/2024,28.00,18.00
0951-setembro,Espaguete a Bolonhesa,04/09/2024,18.00,9.00
0952-setembro,Salmao Grelhado,13/09/2024,28.00,20.00
0953-setembro,Frango a Parmegiana,23/09/2024,17.00,10.00
0954-setembro,Espaguete a Bolonhesa,14/09/2024,18.00,9.00
0955-setembro,Risoto de Camarao,16/09/2024,30.00,17.00
0956-setembro,Salmao Grelhado,27/09/2024,28.00,20.00
0957-setembro,Pizza Margherita,10/09/2024,35.00,26.00
0958-setembro,Salmao Grelhado,15/09/2024,28.00,20.00
0959-setembro,Lasanha Bolonhesa,10/09/2024,21.00,13.00
0960-setembro,Moqueca de Peixe,29/09/2024,18.00,11.00
0961-setembro,Risoto de Camarao,07/09/2024,30.00,17.00
0962-setembro,Strogonoff de Carne,22/09/2024,25.00,15.00
0963-setembro,Moqueca de Peixe,10/09/2024,18.00,11.00
0964-setembro,Moqueca de Peixe,18/09/2024,18.00,11.00
0965-setembro,Pizza Margherita,01/10/2024,35.00,26.00
0966-setembro,Moqueca de Peixe,10/09/2024,18.00,11.00
0967-setembro,Moqueca de Peixe,26/09/2024,18.00,11.00
0968-setembro,Moqueca de Peixe,10/09/2024,18.00,11.00
0969-setembro,Frango a Parmegiana,07/09/2024,17.00,10.00
0970-setembro,Risoto de Camarao,14/09/2024,30.00,17.00
0971-setembro,Strogonoff de Carne,15/09/2024,25.00,15.00
0972-setembro,Moqueca de Peixe,23/09/2024,18.00,11.00
0973-setembro,Strogonoff de Carne,05/09/2024,25.00,15.00
0974-setembro,Moqueca de Peixe,25/09/2024,18.00,11.00
0975-setembro,Bife Acebolado,11/09/2024,28.00,18.00
0976-setembro,Pizza Margherita,23/09/2024,35.00,26.00
0977-setembro,Espaguete a Bolonhesa,23/09/2024,18.00,9.00
0978-setembro,Bife Acebolado,30/09/2024,28.00,18.00
0979-setembro,Espaguete a Bolonhesa,28/09/2024,18.00,9.00
0980-setembro,Espaguete a Bolonhesa,08/09/2024,18.00,9.00
0981-setembro,Risoto de Camarao,28/09/2024,30.00,17.00
0982-setembro,Frango a Parmegiana,11/09/2024,17.00,10.00
0983-setembro,Moqueca de Peixe,10/09/2024,18.00,11.00
0984-setembro,Salmao Grelhado,12/09/2024,28.00,20.00
0985-setembro,Pizza Margherita,04/09/2024,35.00,26.00
0986-setembro,Espaguete a Bolonhesa,11/09/2024,18.00,9.00
0987-setembro,Salmao Grelhado,14/09/2024,28.00,20.00
0988-setembro,Strogonoff de Carne,30/09/2024,25.00,15.00
0989-setembro,Frango a Parmegiana,24/09/2024,17.00,10.00
0990-setembro,Bife Acebolado,29/09/2024,28.00,18.00
0991-setembro,Moqueca de Peixe,14/09/2024,18.00,11.00
0992-setembro,Pizza Margherita,29/09/2024,35.00,26.00
0993-setembro,Risoto de Camarao,08/09/2024,30.00,17.00
0994-setembro,Salmao Grelhado,04/09/2024,28.00,20.00
0995-setembro,Strogonoff de Carne,09/09/2024,25.00,15.00
0996-setembro,Espaguete a Bolonhesa,02/09/2024,18.00,9.00
0997-setembro,Bife Acebolado,27/09/2024,28.00,18.00
0998-setembro,Risoto de Camarao,05/09/2024,30.00,17.00
0999-setembro,Salmao Grelhado,12/09/2024,28.00,20.00
1000-setembro,Vatapa,05/09/2024,20.00,14.00
1001-setembro,Frango a Parmegiana,08/09/2024,17.00,10.00
1002-setembro,Frango a Parmegiana,04/09/2024,17.00,10.00
1003-setembro,Pizza Margherita,05/09/2024,35.00,26.00
1004-setembro,Moqueca de Peixe,30/09/2024,18.00,11.00
1005-setembro,Frango a Parmegiana,05/09/2024,17.00,10.00
1006-setembro,Salmao Grelhado,18/09/2024,28.00,20.00
1007-setembro,Risoto de Camarao,12/09/2024,30.00,17.00
1008-setembro,Vatapa,28/09/2024,20.00,14.00
1009-setembro,Espaguete a Bolonhesa,03/09/2024,18.00,9.00
1010-setembro,Espaguete a Bolonhesa,02/09/2024,18.00,9.00
1011-setembro,Salmao Grelhado,12/09/2024,28.00,20.00
1012-setembro,Strogonoff de Carne,08/09/2024,25.00,15.00
1013-setembro,Frango a Parmegiana,19/09/2024,17.00,10.00
1014-setembro,Vatapa,11/09/2024,20.00,14.00
1015-setembro,Moqueca de Peixe,18/09/2024,18.00,11.00
1016-setembro,Espaguete a Bolonhesa,06/09/2024,18.00,9.00
1017-setembro,Espaguete a Bolonhesa,10/09/2024,18.00,9.00
1018-setembro,Lasanha Bolonhesa,08/09/2024,21.00,13.00
1019-setembro,Strogonoff de Carne,29/09/2024,25.00,15.00
1020-setembro,Lasanha Bolonhesa,04/09/2024,21.00,13.00
1021-setembro,Moqueca de Peixe,10/09/2024,18.00,11.00
1022-setembro,Espaguete a Bolonhesa,04/09/2024,18.00,9.00
1023-setembro,Frango a Parmegiana,21/09/2024,17.00,10.00
1024-setembro,Pizza Margherita,12/09/2024,35.00,26.00
1025-setembro,Risoto de Camarao,08/09/2024,30.00,17.00
1026-setembro,Strogonoff de Carne,26/09/2024,25.00,15.00
1027-setembro,Moqueca de Peixe,08/09/2024,18.00,11.00
1028-setembro,Strogonoff de Carne,27/09/2024,25.00,15.00
1029-setembro,Bife Acebolado,29/09/2024,28.00,18.00
1030-setembro,Vatapa,30/09/2024,20.00,14.00
1031-setembro,Pizza Margherita,30/09/2024,35.00,26.00
1032-setembro,Espaguete a Bolonhesa,02/09/2024,18.00,9.00
1033-setembro,Risoto de Camarao,08/09/2024,30.00,17.00
1034-setembro,Moqueca de Peixe,13/09/2024,18.00,11.00
1035-setembro,Strogonoff de Carne,19/09/2024,25.00,15.00
1036-setembro,Salmao Grelhado,27/09/2024,28.00,20.00
1037-setembro,Bife Acebolado,15/09/2024,28.00,18.00
1038-setembro,Frango a Parmegiana,04/09/2024,17.00,10.00
1039-setembro,Bife Acebolado,05/09/2024,28.00,18.00
1040-setembro,Vatapa,19/09/2024,20.00,14.00
1041-setembro,Espaguete a Bolonhesa,19/09/2024,18.00,9.00
1042-setembro,Lasanha Bolonhesa,13/09/2024,21.00,13.00
1043-setembro,Strogonoff de Carne,08/09/2024,25.00,15.00
1044-setembro,Espaguete a Bolonhesa,05/09/2024,18.00,9.00
1045-setembro,Salmao Grelhado,15/09/2024,28.00,20.00
1046-setembro,Pizza Margherita,06/09/2024,35.00,26.00
1047-setembro,Moqueca de Peixe,16/09/2024,18.00,11.00
1048-setembro,Strogonoff de Carne,29/09/2024,25.00,15.00
1049-setembro,Pizza Margherita,22/09/2024,35.00,26.00
1050-setembro,Frango a Parmegiana,09/09/2024,17.00,10.00
1051-setembro,Salmao Grelhado,29/09/2024,28.00,20.00
1052-setembro,Strogonoff de Carne,20/09/2024,25.00,15.00
1053-setembro,Espaguete a Bolonhesa,20/09/2024,18.00,9.00
1054-setembro,Lasanha Bolonhesa,16/09/2024,21.00,13.00
1055-setembro,Risoto de Camarao,25/09/2024,30.00,17.00
1056-setembro,Vatapa,29/09/2024,20.00,14.00
1057-setembro,Pizza Margherita,18/09/2024,35.00,26.00
1058-setembro,Lasanha Bolonhesa,23/09/2024,21.00,13.00
1059-setembro,Espaguete a Bolonhesa,01/10/2024,18.00,9.00
1060-setembro,Pizza Margherita,18/09/2024,35.00,26.00
1061-setembro,Espaguete a Bolonhesa,01/10/2024,18.00,9.00
1062-setembro,Espaguete a Bolonhesa,02/09/2024,18.00,9.00
1063-setembro,Moqueca de Peixe,06/09/2024,18.00,11.00
1064-setembro,Pizza Margherita,09/09/2024,35.00,26.00
1065-setembro,Risoto de Camarao,23/09/2024,30.00,17.00
1066-setembro,Salmao Grelhado,19/09/2024,28.00,20.00
1067-setembro,Strogonoff de Carne,26/09/2024,25.00,15.00
1068-setembro,Lasanha Bolonhesa,26/09/2024,21.00,13.00
1069-setembro,Risoto de Camarao,17/09/2024,30.00,17.00
1070-setembro,Pizza Margherita,05/09/2024,35.00,26.00
1071-setembro,Pizza Margherita,07/09/2024,35.00,26.00
1072-setembro,Risoto de Camarao,13/09/2024,30.00,17.00
1073-setembro,Strogonoff de Carne,22/09/2024,25.00,15.00
1074-setembro,Moqueca de Peixe,08/09/2024,18.00,11.00
1075-setembro,Vatapa,13/09/2024,20.00,14.00
1076-setembro,Salmao Grelhado,22/09/2024,28.00,20.00
1077-setembro,Risoto de Camarao,17/09/2024,30.00,17.00
1078-setembro,Vatapa,28/09/2024,20.00,14.00
1079-setembro,Espaguete a Bolonhesa,12/09/2024,18.00,9.00
1080-setembro,Salmao Grelhado,11/09/2024,28.00,20.00
1081-setembro,Salmao Grelhado,25/09/2024,28.00,20.00
1082-setembro,Lasanha Bolonhesa,01/09/2024,21.00,13.00
1083-setembro,Frango a Parmegiana,27/09/2024,17.00,10.00
1084-setembro,Pizza Margherita,23/09/2024,35.00,26.00
1085-setembro,Strogonoff de Carne,02/09/2024,25.00,15.00
1086-setembro,Salmao Grelhado,20/09/2024,28.00,20.00
1087-setembro,Pizza Margherita,29/09/2024,35.00,26.00
1088-setembro,Moqueca de Peixe,27/09/2024,18.00,11.00
1089-setembro,Bife Acebolado,18/09/2024,28.00,18.00
1090-setembro,Pizza Margherita,21/09/2024,35.00,26.00
1091-setembro,Salmao Grelhado,11/09/2024,28.00,20.00
1092-setembro,Bife Acebolado,02/09/2024,28.00,18.00
1093-setembro,Risoto de Camarao,01/10/2024,30.00,17.00
1094-setembro,Lasanha Bolonhesa,05/09/2024,21.00,13.00
1095-setembro,Moqueca de Peixe,07/09/2024,18.00,11.00
1096-setembro,Espaguete a Bolonhesa,17/09/2024,18.00,9.00
1097-setembro,Salmao Grelhado,30/09/2024,28.00,20.00
1098-setembro,Lasanha Bolonhesa,19/09/2024,21.00,13.00
1099-setembro,Salmao Grelhado,08/09/2024,28.00,20.00
1100-setembro,Bife Acebolado,12/09/2024,28.00,18.00
1101-setembro,Vatapa,30/09/2024,20.00,14.00
1102-setembro,Moqueca de Peixe,16/09/2024,18.00,11.00
1103-setembro,Strogonoff de Carne,26/09/2024,25.00,15.00
1104-setembro,Pizza Margherita,05/09/2024,35.00,26.00
1105-setembro,Moqueca de Peixe,25/09/2024,18.00,11.00
1106-setembro,Salmao Grelhado,20/09/2024,28.00,20.00
1107-setembro,Bife Acebolado,14/09/2024,28.00,18.00
1108-setembro,Strogonoff de Carne,22/09/2024,25.00,15.00
1109-setembro,Moqueca de Peixe,09/09/2024,18.00,11.00
1110-setembro,Frango a Parmegiana,13/09/2024,17.00,10.00
1111-setembro,Espaguete a Bolonhesa,26/09/2024,18.00,9.00
1112-setembro,Moqueca de Peixe,21/09/2024,18.00,11.00
1113-setembro,Vatapa,26/09/2024,20.00,14.00
1114-setembro,Strogonoff de Carne,17/09/2024,25.00,15.00
1115-setembro,Vatapa,06/09/2024,20.00,14.00
1116-setembro,Salmao Grelhado,27/09/2024,28.00,20.00
1117-setembro,Espaguete a Bolonhesa,15/09/2024,18.00,9.00
1118-setembro,Risoto de Camarao,11/09/2024,30.00,17.00
1119-setembro,Pizza Margherita,04/09/2024,35.00,26.00
1120-setembro,Vatapa,01/09/2024,20.00,14.00
1121-setembro,Vatapa,08/09/2024,20.00,14.00
1122-setembro,Salmao Grelhado,03/09/2024,28.00,20.00
1123-setembro,Vatapa,06/09/2024,20.00,14.00
1124-setembro,Lasanha Bolonhesa,28/09/2024,21.00,13.00
1125-setembro,Pizza Margherita,03/09/2024,35.00,26.00
1126-setembro,Risoto de Camarao,20/09/2024,30.00,17.00
1127-setembro,Vatapa,05/09/2024,20.00,14.00
1128-setembro,Salmao Grelhado,21/09/2024,28.00,20.00
1129-setembro,Espaguete a Bolonhesa,09/09/2024,18.00,9.00
1130-setembro,Salmao Grelhado,14/09/2024,28.00,20.00
1131-setembro,Frango a Parmegiana,21/09/2024,17.00,10.00
1132-setembro,Espaguete a Bolonhesa,24/09/2024,18.00,9.00
1133-setembro,Vatapa,24/09/2024,20.00,14.00
1134-setembro,Frango a Parmegiana,21/09/2024,17.00,10.00
1135-setembro,Lasanha Bolonhesa,01/10/2024,21.00,13.00
1136-setembro,Moqueca de Peixe,24/09/2024,18.00,11.00
1137-setembro,Pizza Margherita,01/09/2024,35.00,26.00
1138-setembro,Moqueca de Peixe,13/09/2024,18.00,11.00
1139-setembro,Frango a Parmegiana,20/09/2024,17.00,10.00
1140-setembro,Vatapa,10/09/2024,20.00,14.00
1141-setembro,Salmao Grelhado,08/09/2024,28.00,20.00
1142-setembro,Risoto de Camarao,06/09/2024,30.00,17.00
1143-setembro,Moqueca de Peixe,04/09/2024,18.00,11.00
1144-setembro,Risoto de Camarao,28/09/2024,30.00,17.00
1145-setembro,Moqueca de Peixe,12/09/2024,18.00,11.00
1146-setembro,Vatapa,28/09/2024,20.00,14.00
1147-setembro,Frango a Parmegiana,21/09/2024,17.00,10.00
1148-setembro,Frango a Parmegiana,19/09/2024,17.00,10.00
1149-setembro,Lasanha Bolonhesa,29/09/2024,21.00,13.00
1150-setembro,Pizza Margherita,13/09/2024,35.00,26.00
1151-setembro,Pizza Margherita,21/09/2024,35.00,26.00
1152-setembro,Bife Acebolado,24/09/2024,28.00,18.00
1153-setembro,Strogonoff de Carne,27/09/2024,25.00,15.00
1154-setembro,Vatapa,03/09/2024,20.00,14.00
1155-setembro,Risoto de Camarao,14/09/2024,30.00,17.00
1156-setembro,Pizza Margherita,12/09/2024,35.00,26.00
1157-setembro,Strogonoff de Carne,15/09/2024,25.00,15.00
1158-setembro,Strogonoff de Carne,08/09/2024,25.00,15.00
1159-setembro,Salmao Grelhado,01/10/2024,28.00,20.00
1160-setembro,Vatapa,10/09/2024,20.00,14.00
1161-setembro,Vatapa,24/09/2024,20.00,14.00
1162-setembro,Frango a Parmegiana,07/09/2024,17.00,10.00
1163-setembro,Pizza Margherita,11/09/2024,35.00,26.00
1164-setembro,Vatapa,03/09/2024,20.00,14.00
1165-setembro,Lasanha Bolonhesa,03/09/2024,21.00,13.00
1166-setembro,Risoto de Camarao,09/09/2024,30.00,17.00
1167-setembro,Bife Acebolado,03/09/2024,28.00,18.00
1168-setembro,Salmao Grelhado,22/09/2024,28.00,20.00
1169-setembro,Bife Acebolado,23/09/2024,28.00,18.00
1170-setembro,Frango a Parmegiana,08/09/2024,17.00,10.00
1171-setembro,Bife Acebolado,02/09/2024,28.00,18.00
1172-setembro,Bife Acebolado,28/09/2024,28.00,18.00
1173-setembro,Strogonoff de Carne,01/09/2024,25.00,15.00
1174-setembro,Moqueca de Peixe,20/09/2024,18.00,11.00
1175-setembro,Salmao Grelhado,01/09/2024,28.00,20.00
1176-setembro,Bife Acebolado,11/09/2024,28.00,18.00
1177-setembro,Pizza Margherita,23/09/2024,35.00,26.00
1178-setembro,Salmao Grelhado,27/09/2024,28.00,20.00
1179-setembro,Vatapa,11/09/2024,20.00,14.00
1180-setembro,Strogonoff de Carne,15/09/2024,25.00,15.00
1181-setembro,Moqueca de Peixe,15/09/2024,18.00,11.00
1182-setembro,Vatapa,10/09/2024,20.00,14.00
1183-setembro,Moqueca de Peixe,19/09/2024,18.00,11.00
1184-setembro,Strogonoff de Carne,02/09/2024,25.00,15.00
1185-setembro,Lasanha Bolonhesa,14/09/2024,21.00,13.00
1186-setembro,Risoto de Camarao,19/09/2024,30.00,17.00
1187-setembro,Lasanha Bolonhesa,21/09/2024,21.00,13.00
1188-setembro,Strogonoff de Carne,29/09/2024,25.00,15.00
1189-setembro,Pizza Margherita,19/09/2024,35.00,26.00
1190-setembro,Espaguete a Bolonhesa,29/09/2024,18.00,9.00
1191-setembro,Vatapa,19/09/2024,20.00,14.00
1192-setembro,Pizza Margherita,13/09/2024,35.00,26.00
1193-setembro,Strogonoff de Carne,04/09/2024,25.00,15.00
1194-setembro,Espaguete a Bolonhesa,09/09/2024,18.00,9.00
1195-setembro,Risoto de Camarao,05/09/2024,30.00,17.00
1196-setembro,Vatapa,13/09/2024,20.00,14.00
1197-setembro,Lasanha Bolonhesa,30/09/2024,21.00,13.00
1198-setembro,Espaguete a Bolonhesa,01/10/2024,18.00,9.00
1199-setembro,Vatapa,20/09/2024,20.00,14.00
1200-setembro,Lasanha Bolonhesa,01/10/2024,21.00,13.00
1201-setembro,Risoto de Camarao,06/09/2024,30.00,17.00
1202-setembro,Pizza Margherita,21/09/2024,35.00,26.00
1203-setembro,Salmao Grelhado,01/10/2024,28.00,20.00
1204-setembro,Pizza Margherita,04/09/2024,35.00,26.00
1205-setembro,Moqueca de Peixe,03/09/2024,18.00,11.00
1206-setembro,Strogonoff de Carne,01/09/2024,25.00,15.00
1207-setembro,Frango a Parmegiana,15/09/2024,17.00,10.00
1208-setembro,Pizza Margherita,24/09/2024,35.00,26.00
1209-setembro,Moqueca de Peixe,05/09/2024,18.00,11.00
1210-setembro,Espaguete a Bolonhesa,11/09/2024,18.00,9.00
1211-setembro,Moqueca de Peixe,24/09/2024,18.00,11.00
1212-setembro,Pizza Margherita,29/09/2024,35.00,26.00
1213-setembro,Espaguete a Bolonhesa,27/09/2024,18.00,9.00
1214-setembro,Espaguete a Bolonhesa,14/09/2024,18.00,9.00
1215-setembro,Vatapa,01/09/2024,20.00,14.00
1216-setembro,Lasanha Bolonhesa,15/09/2024,21.00,13.00
1217-setembro,Strogonoff de Carne,14/09/2024,25.00,15.00
1218-setembro,Frango a Parmegiana,11/09/2024,17.00,10.00
1219-setembro,Pizza Margherita,13/09/2024,35.00,26.00
1220-setembro,Salmao Grelhado,10/09/2024,28.00,20.00
1221-setembro,Lasanha Bolonhesa,27/09/2024,21.00,13.00
1222-setembro,Bife Acebolado,23/09/2024,28.00,18.00
1223-setembro,Frango a Parmegiana,19/09/2024,17.00,10.00
1224-setembro,Moqueca de Peixe,01/10/2024,18.00,11.00
1225-setembro,Vatapa,29/09/2024,20.00,14.00
1226-setembro,Espaguete a Bolonhesa,01/09/2024,18.00,9.00
1227-setembro,Strogonoff de Carne,12/09/2024,25.00,15.00
1228-setembro,Pizza Margherita,17/09/2024,35.00,26.00
1229-setembro,Strogonoff de Carne,10/09/2024,25.00,15.00
1230-setembro,Espaguete a Bolonhesa,10/09/2024,18.00,9.00
1231-setembro,Frango a Parmegiana,19/09/2024,17.00,10.00
1232-setembro,Bife Acebolado,16/09/2024,28.00,18.00
1233-setembro,Risoto de Camarao,25/09/2024,30.00,17.00
1234-setembro,Risoto de Camarao,25/09/2024,30.00,17.00
1235-setembro,Strogonoff de Carne,13/09/2024,25.00,15.00
1236-setembro,Moqueca de Peixe,07/09/2024,18.00,11.00
1237-setembro,Frango a Parmegiana,13/09/2024,17.00,10.00
1238-setembro,Risoto de Camarao,08/09/2024,30.00,17.00
1239-setembro,Frango a Parmegiana,08/09/2024,17.00,10.00
1240-setembro,Lasanha Bolonhesa,06/09/2024,21.00,13.00
1241-setembro,Salmao Grelhado,23/09/2024,28.00,20.00
1242-setembro,Moqueca de Peixe,30/09/2024,18.00,11.00
1243-setembro,Espaguete a Bolonhesa,09/09/2024,18.00,9.00
1244-setembro,Moqueca de Peixe,05/09/2024,18.00,11.00
1245-setembro,Moqueca de Peixe,10/09/2024,18.00,11.00
1246-setembro,Pizza Margherita,13/09/2024,35.00,26.00
1247-setembro,Bife Acebolado,20/09/2024,28.00,18.00
1248-setembro,Salmao Grelhado,13/09/2024,28.00,20.00
1249-setembro,Espaguete a Bolonhesa,23/09/2024,18.00,9.00
1250-setembro,Espaguete a Bolonhesa,27/09/2024,18.00,9.00
1251-setembro,Bife Acebolado,09/09/2024,28.00,18.00
1252-setembro,Frango a Parmegiana,19/09/2024,17.00,10.00
1253-setembro,Pizza Margherita,01/10/2024,35.00,26.00
1254-setembro,Bife Acebolado,12/09/2024,28.00,18.00
1255-setembro,Vatapa,16/09/2024,20.00,14.00
1256-setembro,Bife Acebolado,01/09/2024,28.00,18.00
1257-setembro,Espaguete a Bolonhesa,07/09/2024,18.00,9.00
1258-setembro,Pizza Margherita,28/09/2024,35.00,26.00
1259-setembro,Espaguete a Bolonhesa,19/09/2024,18.00,9.00
1260-setembro,Moqueca de Peixe,14/09/2024,18.00,11.00
1261-setembro,Pizza Margherita,13/09/2024,35.00,26.00
1262-setembro,Risoto de Camarao,19/09/2024,30.00,17.00
1263-setembro,Risoto de Camarao,17/09/2024,30.00,17.00
1264-setembro,Pizza Margherita,08/09/2024,35.00,26.00
1265-setembro,Pizza Margherita,25/09/2024,35.00,26.00
1266-setembro,Lasanha Bolonhesa,23/09/2024,21.00,13.00
1267-setembro,Moqueca de Peixe,19/09/2024,18.00,11.00
1268-setembro,Frango a Parmegiana,19/09/2024,17.00,10.00
1269-setembro,Bife Acebolado,24/09/2024,28.00,18.00
1270-setembro,Risoto de Camarao,18/09/2024,30.00,17.00
1271-setembro,Espaguete a Bolonhesa,24/09/2024,18.00,9.00
1272-setembro,Lasanha Bolonhesa,08/09/2024,21.00,13.00
1273-setembro,Risoto de Camarao,04/09/2024,30.00,17.00
1274-setembro,Lasanha Bolonhesa,05/09/2024,21.00,13.00
1275-setembro,Strogonoff de Carne,30/09/2024,25.00,15.00
1276-setembro,Strogonoff de Carne,09/09/2024,25.00,15.00
1277-setembro,Espaguete a Bolonhesa,04/09/2024,18.00,9.00
